State,County,Year,Days with AQI,Good Days,Moderate Days,Unhealthy for Sensitive Groups Days,Unhealthy Days,Very Unhealthy Days,Hazardous Days,Max AQI,90th Percentile AQI,Median AQI,Days CO,Days NO2,Days Ozone,Days SO2,Days PM2.5,Days PM10
California,Alameda,2000,366,293,59,11,2,1,0,209,70,39,2,129,182,0,53,0
California,Amador,2000,366,238,83,34,11,0,0,192,112,44,15,0,351,0,0,0
California,Butte,2000,361,226,88,40,7,0,0,174,108,44,16,41,260,0,25,19
California,Calaveras,2000,364,245,71,34,14,0,0,200,115,38,29,0,311,0,23,1
California,Colusa,2000,365,306,54,5,0,0,0,105,61,36,0,0,280,0,30,55
California,Contra Costa,2000,366,249,93,23,1,0,0,172,89,43,0,40,208,9,108,1
California,Del Norte,2000,134,133,1,0,0,0,0,53,29,14,0,0,0,0,87,47
California,El Dorado,2000,366,184,107,44,29,2,0,208,136,50,0,22,330,0,14,0
California,Fresno,2000,366,50,121,89,88,18,0,227,183,112,2,24,230,0,109,1
California,Glenn,2000,366,284,76,6,0,0,0,126,67,40,0,0,328,0,0,38
California,Humboldt,2000,77,63,14,0,0,0,0,76,60,28,0,0,0,0,57,20
California,Imperial,2000,366,142,171,41,10,2,0,208,115,59,32,83,176,0,39,36
California,Inyo,2000,366,184,123,32,4,2,21,10736,126,50,0,0,284,0,3,79
California,Kern,2000,366,52,110,95,100,9,0,213,179,111,1,16,228,0,118,3
California,Kings,2000,364,143,99,77,43,2,0,205,159,70,0,59,254,0,36,15
California,Lake,2000,366,350,15,1,0,0,0,108,44,34,0,0,362,0,4,0
California,Lassen,2000,33,26,7,0,0,0,0,63,54,28,0,0,0,0,0,33
California,Los Angeles,2000,366,27,164,114,51,10,0,243,159,99,7,95,127,2,133,2
California,Madera,2000,362,217,98,40,7,0,0,177,108,45,0,72,290,0,0,0
California,Marin,2000,366,359,7,0,0,0,0,61,39,28,6,198,126,0,30,6
California,Mariposa,2000,362,199,93,58,12,0,0,187,126,48,0,0,358,0,1,3
California,Mendocino,2000,366,356,10,0,0,0,0,72,39,30,10,76,250,0,20,10
California,Merced,2000,363,157,99,68,36,3,0,207,151,58,0,15,308,0,36,4
California,Modoc,2000,74,62,10,2,0,0,0,107,59,25,0,0,0,0,46,28
California,Mono,2000,349,327,13,1,0,1,7,10362,31,11,77,0,0,0,13,259
California,Monterey,2000,366,339,24,3,0,0,0,129,47,36,0,17,326,0,15,8
California,Napa,2000,366,357,9,0,0,0,0,77,41,31,9,112,240,0,0,5
California,Nevada,2000,366,162,116,63,22,3,0,208,136,57,0,0,327,0,31,8
California,Orange,2000,366,110,200,36,19,1,0,205,127,62,2,74,97,0,191,2
California,Placer,2000,366,217,89,41,18,1,0,202,126,46,0,113,234,0,16,3
California,Plumas,2000,365,280,77,8,0,0,0,127,70,41,0,0,305,0,36,24
California,Riverside,2000,366,51,125,102,76,12,0,222,172,104,1,42,185,1,124,13
California,Sacramento,2000,366,166,128,42,29,1,0,203,143,55,8,21,214,0,121,2
California,San Benito,2000,364,276,66,22,0,0,0,147,87,40,0,0,360,0,3,1
California,San Bernardino,2000,366,49,150,75,74,18,0,246,179,95,0,94,208,0,57,7
California,San Diego,2000,366,73,196,81,15,1,0,201,133,74,0,49,205,3,109,0
California,San Francisco,2000,366,277,83,6,0,0,0,132,66,36,0,125,108,0,133,0
California,San Joaquin,2000,366,228,104,27,7,0,0,172,97,45,11,95,193,0,59,8
California,San Luis Obispo,2000,366,183,143,40,0,0,0,143,102,51,0,23,162,166,12,3
California,San Mateo,2000,366,334,27,5,0,0,0,129,48,33,5,180,119,0,60,2
California,Santa Barbara,2000,366,211,117,36,2,0,0,154,101,48,0,27,314,0,21,4
California,Santa Clara,2000,366,228,104,26,8,0,0,190,97,44,0,90,123,0,153,0
California,Santa Cruz,2000,366,342,23,1,0,0,0,126,46,36,0,9,330,0,22,5
California,Shasta,2000,366,245,95,25,1,0,0,154,93,44,0,0,354,0,12,0
California,Sierra,2000,29,29,0,0,0,0,0,36,30,17,0,0,0,0,0,29
California,Siskiyou,2000,310,292,17,1,0,0,0,101,49,36,0,0,267,0,21,22
California,Solano,2000,366,290,65,9,2,0,0,153,67,37,18,62,235,0,51,0
California,Sonoma,2000,366,324,35,7,0,0,0,122,54,37,0,58,263,0,43,2
California,Stanislaus,2000,366,196,111,42,16,1,0,202,122,49,9,74,208,0,63,12
California,Sutter,2000,366,241,93,28,4,0,0,166,100,43,19,47,266,0,23,11
California,Tehama,2000,320,218,70,30,2,0,0,156,101,40,0,0,305,0,0,15
California,Trinity,2000,81,81,0,0,0,0,0,46,28,13,0,0,0,0,22,59
California,Tulare,2000,366,127,79,75,81,4,0,203,177,85,2,36,269,0,56,3
California,Tuolumne,2000,363,184,98,61,20,0,0,197,133,49,6,0,357,0,0,0
California,Ventura,2000,366,147,135,58,25,1,0,203,143,59,0,54,270,0,41,1
California,Yolo,2000,366,273,71,20,2,0,0,159,84,40,1,53,274,0,35,3
California,Alameda,2001,365,290,57,12,6,0,0,178,68,40,1,127,178,0,59,0
California,Amador,2001,365,250,89,25,1,0,0,154,93,40,5,0,360,0,0,0
California,Butte,2001,365,152,162,43,8,0,0,159,111,56,0,4,257,0,103,1
California,Calaveras,2001,365,229,91,41,4,0,0,161,105,44,2,0,348,0,15,0
California,Colusa,2001,363,234,106,21,2,0,0,156,87,42,0,0,295,0,37,31
California,Contra Costa,2001,365,258,80,21,6,0,0,192,87,44,0,40,216,8,100,1
California,Del Norte,2001,125,125,0,0,0,0,0,50,33,14,0,0,0,0,89,36
California,El Dorado,2001,365,160,119,53,30,3,0,204,147,58,0,15,340,0,10,0
California,Fresno,2001,365,23,117,113,91,21,0,238,190,119,2,9,245,0,109,0
California,Glenn,2001,364,259,89,16,0,0,0,147,80,43,0,0,327,0,0,37
California,Humboldt,2001,323,303,20,0,0,0,0,94,45,6,0,0,0,0,48,275
California,Imperial,2001,365,103,191,52,15,3,1,543,126,65,45,45,219,0,24,32
California,Inyo,2001,365,155,138,32,6,2,32,20646,184,58,0,0,281,0,1,83
California,Kern,2001,365,35,126,101,90,13,0,210,177,108,0,22,225,0,111,7
California,Kings,2001,361,157,128,52,23,1,0,202,133,56,0,48,253,0,41,19
California,Lake,2001,365,344,21,0,0,0,0,84,47,37,0,0,362,0,3,0
California,Lassen,2001,40,35,5,0,0,0,0,76,55,29,0,0,0,0,0,40
California,Los Angeles,2001,365,20,159,127,48,11,0,230,161,101,2,71,146,2,143,1
California,Madera,2001,359,213,95,42,9,0,0,169,119,46,0,47,312,0,0,0
California,Marin,2001,365,350,15,0,0,0,0,84,42,30,2,176,148,0,38,1
California,Mariposa,2001,346,188,91,60,7,0,0,182,122,48,0,0,335,0,6,5
California,Mendocino,2001,365,354,10,1,0,0,0,108,43,31,1,53,285,0,17,9
California,Merced,2001,357,156,112,62,27,0,0,200,143,61,0,11,312,0,29,5
California,Modoc,2001,62,54,8,0,0,0,0,99,53,22,0,0,0,0,35,27
California,Mono,2001,359,251,88,16,2,1,1,4378,93,36,82,0,174,0,40,63
California,Monterey,2001,365,343,20,2,0,0,0,129,47,34,0,16,313,0,24,12
California,Napa,2001,365,350,14,1,0,0,0,126,44,31,3,114,240,0,0,8
California,Nevada,2001,365,165,130,50,19,1,0,201,129,54,0,0,339,0,23,3
California,Orange,2001,365,112,192,50,11,0,0,179,115,64,0,60,113,0,192,0
California,Placer,2001,365,216,88,37,23,1,0,202,133,46,0,84,264,0,17,0
California,Plumas,2001,365,281,73,10,1,0,0,152,70,35,0,0,170,0,100,95
California,Riverside,2001,365,38,126,99,77,24,1,500,187,110,0,35,174,0,149,7
California,Sacramento,2001,365,141,143,56,23,2,0,203,143,59,3,29,232,0,94,7
California,San Benito,2001,364,272,72,18,2,0,0,156,84,42,0,0,361,0,3,0
California,San Bernardino,2001,365,35,154,91,56,29,0,241,195,100,0,100,206,0,56,3
California,San Diego,2001,365,47,227,76,14,1,0,212,129,77,2,30,158,0,173,2
California,San Francisco,2001,365,291,61,10,3,0,0,162,63,36,3,120,122,0,118,2
California,San Joaquin,2001,365,246,95,19,5,0,0,166,87,44,2,81,196,0,62,24
California,San Luis Obispo,2001,365,171,151,41,2,0,0,167,103,54,0,15,186,150,10,4
California,San Mateo,2001,365,324,36,4,1,0,0,159,52,32,3,158,146,0,58,0
California,Santa Barbara,2001,365,219,108,36,1,1,0,201,101,48,0,9,343,0,11,2
California,Santa Clara,2001,365,221,117,15,12,0,0,177,90,46,0,70,156,0,139,0
California,Santa Cruz,2001,365,335,28,2,0,0,0,108,49,35,0,5,326,2,26,6
California,Shasta,2001,362,270,74,18,0,0,0,134,84,44,0,0,345,0,17,0
California,Siskiyou,2001,288,287,1,0,0,0,0,69,26,13,0,0,195,0,52,41
California,Solano,2001,365,304,50,8,3,0,0,169,64,37,10,62,243,0,49,1
California,Sonoma,2001,365,322,37,5,1,0,0,162,54,36,0,56,267,0,41,1
California,Stanislaus,2001,365,190,128,31,16,0,0,187,112,50,2,80,222,0,51,10
California,Sutter,2001,365,240,96,26,3,0,0,169,97,44,5,69,266,0,20,5
California,Tehama,2001,279,168,84,27,0,0,0,150,100,44,0,0,260,0,0,19
California,Trinity,2001,118,110,8,0,0,0,0,62,40,13,0,0,0,0,84,34
California,Tulare,2001,365,99,94,93,77,2,0,206,166,95,0,22,280,0,58,5
California,Tuolumne,2001,365,208,108,46,3,0,0,179,112,45,15,0,350,0,0,0
California,Ventura,2001,365,147,134,61,21,2,0,208,137,61,0,37,282,0,46,0
California,Yolo,2001,365,274,75,14,2,0,0,169,77,40,0,54,270,0,36,5
California,Alameda,2002,365,272,71,15,6,1,0,201,80,40,6,109,195,0,55,0
California,Amador,2002,360,237,87,31,5,0,0,166,105,42,12,0,348,0,0,0
California,Butte,2002,365,126,152,71,16,0,0,190,133,64,0,0,233,0,130,2
California,Calaveras,2002,365,207,101,45,11,1,0,203,126,47,3,0,345,0,17,0
California,Colusa,2002,365,261,91,12,1,0,0,152,77,41,0,0,283,0,28,54
California,Contra Costa,2002,365,241,89,24,11,0,0,177,97,44,0,36,218,12,98,1
California,Del Norte,2002,120,119,1,0,0,0,0,51,31,15,0,0,0,0,86,34
California,El Dorado,2002,365,170,94,61,31,9,0,234,154,54,0,13,342,0,9,1
California,Fresno,2002,365,34,98,116,95,22,0,228,190,126,0,9,243,0,112,1
California,Glenn,2002,365,253,105,7,0,0,0,122,77,43,0,0,321,0,0,44
California,Humboldt,2002,211,192,17,2,0,0,0,123,47,8,0,0,0,0,54,157
California,Imperial,2002,365,91,207,53,13,1,0,227,122,67,29,38,250,0,28,20
California,Inyo,2002,365,159,126,39,10,5,26,7811,156,60,0,0,273,0,7,85
California,Kern,2002,365,23,111,99,114,18,0,216,182,125,0,13,191,0,158,3
California,Kings,2002,364,154,108,67,35,0,0,200,147,64,0,63,241,0,46,14
California,Lake,2002,361,305,49,6,1,0,0,161,58,37,0,0,353,0,8,0
California,Los Angeles,2002,365,34,152,104,53,22,0,241,179,99,4,61,160,0,137,3
California,Madera,2002,362,210,89,48,14,1,0,205,119,46,0,51,311,0,0,0
California,Marin,2002,365,349,16,0,0,0,0,84,43,30,0,189,132,0,40,4
California,Mariposa,2002,364,157,104,79,24,0,0,179,140,60,0,0,317,0,42,5
California,Mendocino,2002,365,341,20,3,1,0,0,153,48,32,1,55,279,0,24,6
California,Merced,2002,363,143,90,74,53,3,0,221,161,71,0,35,281,0,45,2
California,Modoc,2002,2,2,0,0,0,0,0,21,21,21,0,0,0,0,2,0
California,Mono,2002,299,263,28,2,0,1,5,6401,54,22,1,0,109,0,32,157
California,Monterey,2002,365,328,36,1,0,0,0,108,51,37,0,23,314,0,23,5
California,Napa,2002,365,353,10,2,0,0,0,140,44,32,7,106,238,0,0,14
California,Nevada,2002,365,181,96,62,23,3,0,208,140,51,0,0,345,0,16,4
California,Orange,2002,365,95,225,42,3,0,0,169,105,63,0,50,97,0,218,0
California,Placer,2002,365,195,89,56,21,4,0,210,136,49,0,111,236,0,17,1
California,Plumas,2002,363,170,148,45,0,0,0,147,105,54,0,0,278,0,57,28
California,Riverside,2002,365,48,133,87,74,23,0,226,185,101,0,17,199,0,143,6
California,Sacramento,2002,365,89,173,64,34,5,0,216,152,74,0,19,234,0,109,3
California,San Benito,2002,365,257,74,30,4,0,0,172,100,42,0,0,359,0,6,0
California,San Bernardino,2002,365,48,151,72,59,33,2,418,200,90,0,96,210,0,50,9
California,San Diego,2002,365,50,240,64,11,0,0,187,117,74,0,41,171,0,151,2
California,San Francisco,2002,365,273,71,14,7,0,0,159,73,35,2,92,143,1,126,1
California,San Joaquin,2002,365,224,103,34,4,0,0,177,101,46,0,100,175,0,64,26
California,San Luis Obispo,2002,365,172,150,42,1,0,0,158,101,52,0,15,176,145,12,17
California,San Mateo,2002,365,322,40,3,0,0,0,119,53,35,4,125,175,0,61,0
California,Santa Barbara,2002,365,200,130,32,3,0,0,161,100,49,0,1,356,0,7,1
California,Santa Clara,2002,365,202,132,23,8,0,0,185,96,47,0,30,197,0,138,0
California,Santa Cruz,2002,365,328,36,1,0,0,0,122,51,36,0,2,335,1,22,5
California,Shasta,2002,365,260,79,26,0,0,0,147,87,44,0,0,340,0,25,0
California,Siskiyou,2002,352,299,52,1,0,0,0,115,61,33,0,0,333,0,7,12
California,Solano,2002,365,292,54,17,2,0,0,160,77,39,7,56,250,0,52,0
California,Sonoma,2002,365,317,43,5,0,0,0,138,56,37,2,58,264,0,41,0
California,Stanislaus,2002,365,177,107,47,33,1,0,208,147,53,3,87,218,0,57,0
California,Sutter,2002,365,224,102,27,12,0,0,195,101,45,3,84,252,0,20,6
California,Tehama,2002,268,170,59,32,7,0,0,174,112,44,0,0,242,0,0,26
California,Trinity,2002,112,111,1,0,0,0,0,57,30,12,0,0,0,0,73,39
California,Tulare,2002,365,46,123,88,97,11,0,213,177,108,1,16,200,0,148,0
California,Tuolumne,2002,365,195,74,76,20,0,0,190,133,47,4,0,361,0,0,0
California,Ventura,2002,365,145,154,53,11,2,0,204,119,61,0,35,287,0,43,0
California,Yolo,2002,365,263,79,17,6,0,0,164,84,42,0,51,274,0,34,6
California,Alameda,2003,365,300,53,9,3,0,0,172,64,39,5,105,212,0,43,0
California,Amador,2003,365,257,79,29,0,0,0,150,97,41,11,0,354,0,0,0
California,Butte,2003,365,144,170,43,8,0,0,164,108,58,0,0,225,0,140,0
California,Calaveras,2003,365,214,85,50,16,0,0,179,122,44,6,0,340,0,19,0
California,Colusa,2003,365,291,73,1,0,0,0,101,63,38,0,0,279,0,43,43
California,Contra Costa,2003,365,245,102,18,0,0,0,150,82,44,0,32,242,5,84,2
California,Del Norte,2003,148,148,0,0,0,0,0,43,22,12,0,0,0,0,95,53
California,El Dorado,2003,365,168,113,57,23,4,0,218,136,54,0,9,348,0,7,1
California,Fresno,2003,365,40,131,95,87,12,0,212,177,107,0,11,231,0,122,1
California,Glenn,2003,365,278,80,7,0,0,0,129,67,40,0,0,318,0,0,47
California,Humboldt,2003,64,56,7,1,0,0,0,102,54,26,0,0,0,0,50,14
California,Imperial,2003,365,124,177,54,9,0,1,736,113,61,16,54,233,0,38,24
California,Inyo,2003,365,179,120,42,5,1,18,16515,132,51,0,0,294,0,3,68
California,Kern,2003,365,23,118,100,93,31,0,223,197,118,0,0,206,0,157,2
California,Kings,2003,364,166,121,66,11,0,0,187,126,56,0,65,244,0,46,9
California,Lake,2003,363,331,32,0,0,0,0,84,48,37,0,0,359,0,4,0
California,Los Angeles,2003,365,41,154,83,57,30,0,249,197,95,2,57,183,0,123,0
California,Madera,2003,364,204,96,51,13,0,0,192,126,46,0,64,300,0,0,0
California,Marin,2003,365,358,7,0,0,0,0,90,38,28,0,235,96,0,33,1
California,Mariposa,2003,365,163,97,82,23,0,0,195,140,55,0,0,345,0,20,0
California,Mendocino,2003,365,339,26,0,0,0,0,87,47,33,7,39,295,0,21,3
California,Merced,2003,364,128,118,65,49,4,0,205,159,71,0,34,284,0,44,2
California,Modoc,2003,2,2,0,0,0,0,0,42,42,42,0,0,0,0,2,0
California,Mono,2003,314,177,117,11,2,1,6,5641,90,48,0,0,260,0,20,34
California,Monterey,2003,365,333,29,3,0,0,0,136,48,36,0,12,332,0,13,8
California,Napa,2003,365,350,12,3,0,0,0,143,43,31,2,101,258,0,0,4
California,Nevada,2003,365,172,100,71,22,0,0,195,133,58,0,0,339,0,17,9
California,Orange,2003,365,93,211,48,13,0,0,200,116,63,0,50,164,0,149,2
California,Placer,2003,365,190,119,41,13,2,0,206,126,50,0,63,286,0,16,0
California,Plumas,2003,355,277,71,7,0,0,0,144,70,41,0,0,235,0,71,49
California,Riverside,2003,365,47,152,68,70,28,0,243,195,97,0,15,198,0,143,9
California,Sacramento,2003,365,99,179,57,25,5,0,214,144,67,1,10,235,0,117,2
California,San Benito,2003,365,257,88,19,1,0,0,156,90,43,0,0,365,0,0,0
California,San Bernardino,2003,365,69,132,63,50,51,0,251,209,91,0,76,232,0,52,5
California,San Diego,2003,365,82,204,71,7,1,0,289,126,68,2,41,185,0,134,3
California,San Francisco,2003,365,294,66,5,0,0,0,116,62,37,0,105,145,1,113,1
California,San Joaquin,2003,365,240,98,25,2,0,0,159,97,44,2,90,201,0,55,17
California,San Luis Obispo,2003,365,187,146,31,1,0,0,159,97,50,0,8,220,122,12,3
California,San Mateo,2003,365,335,27,3,0,0,0,126,47,33,0,111,208,0,46,0
California,Santa Barbara,2003,365,202,121,37,5,0,0,192,101,49,0,7,344,2,11,1
California,Santa Clara,2003,365,215,127,17,6,0,0,190,90,47,0,38,188,0,139,0
California,Santa Cruz,2003,365,335,28,2,0,0,0,112,48,35,0,1,346,1,13,4
California,Shasta,2003,364,262,77,18,7,0,0,177,90,43,0,0,342,0,20,2
California,Siskiyou,2003,291,235,53,3,0,0,0,112,61,39,0,0,249,0,21,21
California,Solano,2003,365,300,55,10,0,0,0,136,61,38,2,61,262,0,40,0
California,Sonoma,2003,365,330,33,2,0,0,0,133,49,37,0,62,263,0,40,0
California,Stanislaus,2003,365,194,102,53,16,0,0,187,126,49,4,84,226,0,48,3
California,Sutter,2003,365,248,80,32,5,0,0,185,101,42,0,99,244,0,18,4
California,Tehama,2003,278,155,85,35,3,0,0,156,105,46,0,0,261,0,0,17
California,Trinity,2003,125,124,1,0,0,0,0,51,30,13,0,0,0,0,88,37
California,Tulare,2003,365,56,126,93,78,12,0,210,177,101,0,0,224,0,140,1
California,Tuolumne,2003,365,208,100,52,5,0,0,156,115,44,5,0,360,0,0,0
California,Ventura,2003,365,164,105,68,27,1,0,209,143,54,0,47,277,0,36,5
California,Yolo,2003,365,250,92,23,0,0,0,147,85,44,0,34,260,0,69,2
California,Alameda,2004,366,236,114,16,0,0,0,136,82,43,0,27,145,0,194,0
California,Amador,2004,366,250,96,18,2,0,0,156,84,41,6,0,360,0,0,0
California,Butte,2004,366,183,141,39,3,0,0,172,105,51,2,2,281,0,80,1
California,Calaveras,2004,363,224,111,24,4,0,0,156,93,45,3,0,343,0,17,0
California,Colusa,2004,365,276,81,8,0,0,0,123,69,40,0,0,242,0,82,41
California,Contra Costa,2004,366,275,72,18,1,0,0,160,88,40,0,37,240,5,84,0
California,Del Norte,2004,159,159,0,0,0,0,0,42,30,12,0,0,0,0,109,50
California,El Dorado,2004,366,178,127,53,8,0,0,192,112,51,0,6,355,0,4,1
California,Fresno,2004,366,59,175,107,25,0,0,195,143,86,0,14,225,0,126,1
California,Glenn,2004,363,309,54,0,0,0,0,100,61,37,0,0,354,0,0,9
California,Humboldt,2004,64,53,11,0,0,0,0,79,57,27,0,0,0,0,52,12
California,Imperial,2004,366,125,195,44,2,0,0,161,105,61,13,48,254,0,32,19
California,Inyo,2004,366,168,138,35,2,3,20,5121,119,57,0,0,277,0,9,80
California,Kern,2004,366,24,135,98,95,14,0,222,185,113,0,2,230,0,133,1
California,Kings,2004,365,167,134,56,8,0,0,172,112,55,0,91,211,0,48,15
California,Lake,2004,362,343,19,0,0,0,0,87,47,35,0,0,357,0,5,0
California,Los Angeles,2004,366,29,179,87,67,4,0,229,169,90,0,46,173,0,147,0
California,Madera,2004,340,214,103,23,0,0,0,147,93,44,0,49,291,0,0,0
California,Marin,2004,363,353,10,0,0,0,0,77,39,29,3,166,160,0,33,1
California,Mariposa,2004,366,137,158,54,13,3,1,301,122,61,0,0,295,0,70,1
California,Mendocino,2004,366,356,10,0,0,0,0,64,44,32,2,44,298,0,19,3
California,Merced,2004,365,162,127,62,13,1,0,204,126,58,0,37,282,0,45,1
California,Mono,2004,331,197,103,23,1,0,7,883,100,48,0,0,259,0,16,56
California,Monterey,2004,366,342,21,3,0,0,0,129,47,35,0,31,320,0,8,7
California,Napa,2004,366,355,9,2,0,0,0,105,40,31,5,90,264,0,0,7
California,Nevada,2004,366,166,128,60,11,1,0,206,122,52,0,0,316,0,14,36
California,Orange,2004,366,75,215,66,10,0,0,179,126,67,0,36,203,0,126,1
California,Placer,2004,366,160,133,59,14,0,0,192,126,56,0,10,281,0,75,0
California,Plumas,2004,366,296,67,3,0,0,0,124,70,41,0,0,216,0,74,76
California,Riverside,2004,366,60,129,93,67,17,0,212,172,98,0,12,215,0,136,3
California,Sacramento,2004,366,112,181,63,10,0,0,172,122,63,0,11,207,0,147,1
California,San Benito,2004,366,284,71,11,0,0,0,143,77,41,0,0,363,0,3,0
California,San Bernardino,2004,366,64,134,86,60,22,0,242,182,90,0,65,238,0,61,2
California,San Diego,2004,366,75,236,49,6,0,0,174,112,67,0,46,197,2,118,3
California,San Francisco,2004,366,243,116,7,0,0,0,149,69,41,0,51,68,1,245,1
California,San Joaquin,2004,366,264,88,13,1,0,0,179,82,43,0,89,206,0,50,21
California,San Luis Obispo,2004,366,195,135,36,0,0,0,134,100,49,0,10,214,127,11,4
California,San Mateo,2004,364,255,103,6,0,0,0,120,68,40,2,27,112,0,223,0
California,Santa Barbara,2004,366,217,130,17,2,0,0,192,87,48,0,7,347,0,12,0
California,Santa Clara,2004,366,222,120,24,0,0,0,147,86,46,0,32,166,0,168,0
California,Santa Cruz,2004,366,345,18,3,0,0,0,143,47,36,0,5,338,1,11,11
California,Shasta,2004,366,254,75,34,3,0,0,177,101,44,0,0,350,0,16,0
California,Siskiyou,2004,352,328,23,1,0,0,0,101,49,33,0,0,331,0,9,12
California,Solano,2004,366,207,142,16,1,0,0,154,87,45,0,8,143,0,215,0
California,Sonoma,2004,366,336,29,1,0,0,0,122,46,33,0,60,264,0,40,2
California,Stanislaus,2004,366,208,123,31,4,0,0,159,100,47,4,77,237,0,46,2
California,Sutter,2004,366,214,122,29,1,0,0,159,96,46,0,57,231,0,78,0
California,Tehama,2004,304,189,67,47,1,0,0,159,108,42,0,0,287,0,0,17
California,Trinity,2004,140,138,2,0,0,0,0,61,25,11,0,0,0,0,105,35
California,Tulare,2004,366,46,157,86,77,0,0,195,164,96,0,7,217,0,142,0
California,Tuolumne,2004,366,227,123,16,0,0,0,140,87,44,4,0,362,0,0,0
California,Ventura,2004,366,161,125,66,14,0,0,182,129,57,0,23,305,0,38,0
California,Yolo,2004,366,242,110,14,0,0,0,135,82,44,0,4,235,0,117,10
California,Alameda,2005,365,248,103,12,2,0,0,161,76,43,0,22,170,0,173,0
California,Amador,2005,365,277,66,18,4,0,0,179,87,38,14,0,351,0,0,0
California,Butte,2005,365,213,113,38,1,0,0,159,105,47,0,2,295,0,68,0
California,Calaveras,2005,365,247,74,38,6,0,0,182,105,43,1,0,351,0,13,0
California,Colusa,2005,365,219,142,4,0,0,0,130,69,44,0,0,175,0,185,5
California,Contra Costa,2005,365,282,76,7,0,0,0,134,71,40,0,30,248,3,84,0
California,Del Norte,2005,131,131,0,0,0,0,0,43,23,13,0,0,0,0,117,14
California,El Dorado,2005,365,238,67,37,23,0,0,197,129,43,1,0,363,0,0,1
California,Fresno,2005,365,105,145,70,43,2,0,206,154,72,0,20,214,0,130,1
California,Glenn,2005,364,323,41,0,0,0,0,100,51,37,0,0,354,0,0,10
California,Humboldt,2005,37,29,8,0,0,0,0,92,66,24,0,0,0,0,34,3
California,Imperial,2005,365,126,170,59,10,0,0,187,119,61,10,58,255,0,35,7
California,Inyo,2005,365,170,125,46,9,3,12,3884,133,51,0,0,301,0,3,61
California,Kern,2005,365,47,149,90,72,7,0,208,167,93,0,5,208,0,150,2
California,Kings,2005,364,201,115,41,7,0,0,182,105,48,0,64,246,0,49,5
California,Lake,2005,361,352,9,0,0,0,0,87,46,35,0,0,355,0,6,0
California,Los Angeles,2005,365,57,170,77,49,12,0,238,166,82,2,57,178,1,127,0
California,Madera,2005,362,265,79,18,0,0,0,136,87,40,0,74,288,0,0,0
California,Marin,2005,365,357,8,0,0,0,0,64,40,29,3,119,215,0,28,0
California,Mariposa,2005,365,114,204,41,6,0,0,177,108,57,0,0,204,0,160,1
California,Mendocino,2005,365,357,8,0,0,0,0,69,43,32,2,35,310,0,12,6
California,Merced,2005,364,231,89,42,2,0,0,169,108,43,0,47,267,0,48,2
California,Mono,2005,250,212,24,1,4,1,8,2004,66,17,0,0,0,0,56,194
California,Monterey,2005,365,351,14,0,0,0,0,84,45,35,0,26,322,0,13,4
California,Napa,2005,365,361,4,0,0,0,0,90,41,31,3,81,278,0,0,3
California,Nevada,2005,365,188,113,44,18,2,0,216,126,50,0,0,303,0,20,42
California,Orange,2005,365,125,212,27,1,0,0,155,93,57,0,48,149,0,168,0
California,Placer,2005,365,153,147,44,19,2,0,203,130,56,0,10,215,0,140,0
California,Plumas,2005,363,276,85,0,2,0,0,177,63,40,0,0,215,0,84,64
California,Riverside,2005,365,73,135,89,53,15,0,228,172,90,0,14,222,0,122,7
California,Sacramento,2005,365,136,161,40,24,4,0,213,134,59,0,7,193,0,163,2
California,San Benito,2005,365,296,65,4,0,0,0,150,71,40,0,0,364,0,1,0
California,San Bernardino,2005,365,68,144,73,54,26,0,242,185,82,0,82,235,0,45,3
California,San Diego,2005,365,83,227,50,5,0,0,159,111,67,0,63,208,0,89,5
California,San Francisco,2005,365,288,70,7,0,0,0,122,63,37,0,73,115,0,177,0
California,San Joaquin,2005,365,281,69,13,2,0,0,155,71,40,3,110,190,0,58,4
California,San Luis Obispo,2005,365,281,79,5,0,0,0,150,67,42,0,17,323,10,13,2
California,San Mateo,2005,365,235,123,7,0,0,0,133,71,42,0,19,118,0,227,1
California,Santa Barbara,2005,365,233,119,13,0,0,0,140,84,47,0,2,345,0,17,1
California,Santa Clara,2005,365,213,130,21,1,0,0,154,88,46,0,23,167,0,174,1
California,Santa Cruz,2005,365,351,14,0,0,0,0,87,44,34,0,2,348,0,11,4
California,Shasta,2005,365,277,70,15,3,0,0,159,84,43,0,0,355,0,10,0
California,Siskiyou,2005,356,331,25,0,0,0,0,80,48,35,0,0,336,0,16,4
California,Solano,2005,365,244,106,15,0,0,0,145,79,41,0,10,176,0,179,0
California,Sonoma,2005,365,344,21,0,0,0,0,96,44,31,1,54,274,0,36,0
California,Stanislaus,2005,365,242,83,32,8,0,0,172,105,42,2,85,223,0,53,2
California,Sutter,2005,365,201,136,28,0,0,0,143,93,48,0,23,219,0,122,1
California,Tehama,2005,295,188,74,32,1,0,0,151,101,43,0,0,280,0,0,15
California,Trinity,2005,113,113,0,0,0,0,0,32,21,9,0,0,0,0,102,11
California,Tulare,2005,365,74,142,79,66,4,0,207,161,84,0,1,204,0,160,0
California,Tuolumne,2005,365,264,81,19,1,0,0,159,87,41,8,0,357,0,0,0
California,Ventura,2005,365,183,120,55,7,0,0,187,119,50,0,30,302,0,33,0
California,Yolo,2005,365,241,109,13,2,0,0,153,79,44,0,3,229,0,131,2
California,Alameda,2006,365,220,123,17,5,0,0,190,84,45,0,25,155,0,185,0
California,Amador,2006,364,265,69,27,3,0,0,185,97,37,0,0,364,0,0,0
California,Butte,2006,365,155,142,59,9,0,0,172,122,56,0,1,262,0,100,2
California,Calaveras,2006,364,230,88,34,11,1,0,201,108,42,0,0,347,0,17,0
California,Colusa,2006,365,234,128,2,1,0,0,154,74,45,0,0,216,0,145,4
California,Contra Costa,2006,365,265,80,16,4,0,0,169,83,41,0,42,236,9,76,2
California,Del Norte,2006,124,120,4,0,0,0,0,77,32,12,0,0,0,0,94,30
California,El Dorado,2006,365,215,71,50,27,2,0,210,143,43,0,0,365,0,0,0
California,Fresno,2006,365,82,149,85,47,2,0,208,156,80,0,21,194,0,149,1
California,Glenn,2006,364,268,88,7,1,0,0,153,67,41,0,0,284,0,76,4
California,Humboldt,2006,101,82,19,0,0,0,0,99,58,28,0,2,11,0,77,11
California,Imperial,2006,365,117,183,55,10,0,0,190,119,63,6,67,245,2,23,22
California,Inyo,2006,365,176,123,47,8,1,10,8195,115,51,0,0,292,0,0,73
California,Kern,2006,365,56,129,95,71,14,0,217,175,100,0,4,209,0,147,5
California,Kings,2006,365,176,109,72,8,0,0,190,126,52,0,47,244,0,36,38
California,Lake,2006,364,336,27,1,0,0,0,101,48,35,0,0,358,0,6,0
California,Los Angeles,2006,365,64,172,79,39,11,0,224,161,82,1,63,178,0,121,2
California,Madera,2006,363,260,72,30,1,0,0,174,97,39,0,61,302,0,0,0
California,Marin,2006,365,353,12,0,0,0,0,64,41,30,3,122,209,0,28,3
California,Mariposa,2006,365,88,213,58,6,0,0,172,119,61,0,0,209,0,154,2
California,Mendocino,2006,365,341,24,0,0,0,0,97,48,34,0,37,307,0,15,6
California,Merced,2006,364,215,98,43,8,0,0,172,112,44,0,45,268,0,48,3
California,Mono,2006,269,238,15,6,2,0,8,4196,55,15,0,0,0,0,25,244
California,Monterey,2006,365,345,19,1,0,0,0,126,46,37,0,23,326,0,13,3
California,Napa,2006,365,349,14,2,0,0,0,105,44,34,2,84,273,0,0,6
California,Nevada,2006,365,174,108,59,24,0,0,200,136,53,0,0,284,0,20,61
California,Orange,2006,365,131,203,21,9,1,0,209,97,56,0,42,171,0,152,0
California,Placer,2006,365,138,142,53,30,2,0,209,147,60,0,20,221,0,124,0
California,Plumas,2006,365,287,75,3,0,0,0,139,68,38,0,0,172,0,95,98
California,Riverside,2006,365,74,147,79,54,11,0,218,174,84,0,19,231,0,97,18
California,Sacramento,2006,365,119,153,57,33,3,0,207,149,64,0,7,207,0,145,6
California,San Benito,2006,365,276,70,17,2,0,0,156,80,42,0,0,364,0,1,0
California,San Bernardino,2006,365,66,156,67,56,20,0,239,179,80,0,73,241,0,42,9
California,San Diego,2006,365,84,210,55,16,0,0,187,126,70,0,52,220,0,86,7
California,San Francisco,2006,365,266,95,4,0,0,0,147,63,37,2,81,93,0,189,0
California,San Joaquin,2006,365,227,101,30,7,0,0,195,101,44,0,79,233,0,47,6
California,San Luis Obispo,2006,365,178,122,59,6,0,0,174,119,51,0,3,281,64,12,5
California,San Mateo,2006,365,269,94,1,1,0,0,161,62,39,1,32,131,0,201,0
California,Santa Barbara,2006,365,229,120,15,1,0,0,162,80,48,0,4,346,0,14,1
California,Santa Clara,2006,365,208,135,15,7,0,0,200,88,47,0,23,160,0,174,8
California,Santa Cruz,2006,365,347,17,1,0,0,0,101,45,36,0,3,345,0,12,5
California,Shasta,2006,365,252,90,22,1,0,0,151,90,45,0,0,348,0,17,0
California,Siskiyou,2006,333,285,46,2,0,0,0,105,58,36,0,0,304,0,24,5
California,Solano,2006,365,201,144,17,3,0,0,154,85,47,0,15,141,0,209,0
California,Sonoma,2006,365,340,24,0,1,0,0,153,47,33,1,42,275,0,46,1
California,Stanislaus,2006,365,219,100,32,14,0,0,179,108,44,6,63,233,0,60,3
California,Sutter,2006,365,167,151,41,6,0,0,179,108,54,0,23,215,0,125,2
California,Tehama,2006,340,210,83,40,7,0,0,166,119,41,0,0,325,0,0,15
California,Trinity,2006,126,115,6,4,1,0,0,171,46,15,0,0,0,0,77,49
California,Tulare,2006,365,71,151,74,67,2,0,204,161,88,0,0,213,0,152,0
California,Tuolumne,2006,365,268,81,16,0,0,0,143,84,38,0,0,365,0,0,0
California,Ventura,2006,365,202,111,38,14,0,0,197,119,48,0,24,305,0,34,2
California,Yolo,2006,365,236,99,25,5,0,0,172,87,44,0,8,257,0,97,3
California,Alameda,2007,365,278,78,8,1,0,0,164,68,38,0,40,209,0,116,0
California,Amador,2007,349,270,69,10,0,0,0,122,71,38,0,0,349,0,0,0
California,Butte,2007,365,193,132,38,2,0,0,174,101,49,0,0,272,0,92,1
California,Calaveras,2007,359,254,91,14,0,0,0,143,80,42,0,0,343,0,15,1
California,Colusa,2007,365,279,78,7,1,0,0,152,66,41,0,0,237,0,128,0
California,Contra Costa,2007,365,280,74,11,0,0,0,136,69,40,0,27,253,6,78,1
California,Del Norte,2007,115,115,0,0,0,0,0,49,27,12,0,0,0,0,91,24
California,El Dorado,2007,365,230,87,40,7,1,0,201,112,44,0,0,361,0,3,1
California,Fresno,2007,365,22,194,106,43,0,0,190,153,87,0,0,139,0,225,1
California,Glenn,2007,365,236,117,12,0,0,0,138,77,44,0,0,225,0,140,0
California,Humboldt,2007,339,319,20,0,0,0,0,97,42,29,13,9,271,0,40,6
California,Imperial,2007,365,138,172,46,9,0,0,190,112,58,3,64,243,0,34,21
California,Inyo,2007,365,170,146,38,8,1,2,623,112,51,0,0,295,0,4,66
California,Kern,2007,365,30,151,114,66,4,0,205,160,101,0,1,192,0,167,5
California,Kings,2007,365,69,191,83,22,0,0,196,136,77,0,2,165,0,183,15
California,Lake,2007,356,347,9,0,0,0,0,77,44,32,0,0,351,0,5,0
California,Los Angeles,2007,365,45,193,91,30,6,0,213,150,81,0,76,168,0,116,5
California,Madera,2007,363,279,72,12,0,0,0,143,77,40,0,49,314,0,0,0
California,Marin,2007,365,359,6,0,0,0,0,78,40,30,3,124,215,0,23,0
California,Mariposa,2007,365,115,198,45,7,0,0,192,115,60,0,0,223,0,141,1
California,Mendocino,2007,365,358,7,0,0,0,0,90,42,31,0,40,308,0,8,9
California,Merced,2007,364,223,99,37,5,0,0,177,105,46,0,42,279,0,42,1
California,Mono,2007,276,242,20,1,2,1,10,9916,66,17,0,0,0,0,30,246
California,Monterey,2007,365,350,15,0,0,0,0,100,45,35,0,19,321,0,14,11
California,Napa,2007,365,213,146,6,0,0,0,120,77,46,0,2,84,0,278,1
California,Nevada,2007,365,133,171,52,9,0,0,177,119,57,0,0,239,0,126,0
California,Orange,2007,365,151,185,23,4,1,1,381,93,53,0,44,145,0,174,2
California,Placer,2007,365,164,156,42,3,0,0,187,106,54,0,15,221,0,129,0
California,Plumas,2007,137,70,60,6,1,0,0,160,87,50,0,0,0,0,134,3
California,Riverside,2007,365,56,126,115,60,7,1,1108,161,101,0,19,234,0,79,33
California,Sacramento,2007,365,123,172,55,14,1,0,218,126,60,0,43,203,0,119,0
California,San Benito,2007,365,261,87,17,0,0,0,143,80,43,0,0,355,0,10,0
California,San Bernardino,2007,365,64,142,78,66,15,0,234,179,90,0,61,248,0,39,17
California,San Diego,2007,365,87,217,51,9,1,0,257,115,67,2,41,219,0,95,8
California,San Francisco,2007,365,281,79,5,0,0,0,125,60,38,0,73,93,0,199,0
California,San Joaquin,2007,365,201,137,26,1,0,0,154,93,48,0,41,160,0,163,1
California,San Luis Obispo,2007,365,169,153,41,2,0,0,156,105,54,0,7,311,27,11,9
California,San Mateo,2007,365,274,86,5,0,0,0,126,63,38,0,38,126,0,201,0
California,Santa Barbara,2007,365,224,120,19,2,0,0,183,84,48,0,2,341,0,20,2
California,Santa Clara,2007,365,236,116,12,1,0,0,152,78,44,0,15,164,0,186,0
California,Santa Cruz,2007,365,352,13,0,0,0,0,97,44,34,0,2,343,0,13,7
California,Shasta,2007,365,262,81,22,0,0,0,133,90,44,0,0,353,0,12,0
California,Siskiyou,2007,348,326,21,1,0,0,0,126,47,32,0,0,328,0,10,10
California,Solano,2007,365,216,131,18,0,0,0,126,81,45,0,7,156,2,200,0
California,Sonoma,2007,365,332,33,0,0,0,0,93,48,35,1,46,292,0,26,0
California,Stanislaus,2007,365,146,167,37,15,0,0,178,115,56,0,1,150,0,213,1
California,Sutter,2007,365,205,127,32,1,0,0,151,98,48,0,23,216,0,125,1
California,Tehama,2007,359,262,68,28,1,0,0,154,97,39,0,0,352,0,0,7
California,Trinity,2007,118,116,2,0,0,0,0,60,29,13,0,0,0,0,62,56
California,Tulare,2007,365,59,126,120,60,0,0,192,156,100,0,4,200,0,160,1
California,Tuolumne,2007,364,246,79,37,2,0,0,169,101,42,0,0,364,0,0,0
California,Ventura,2007,365,181,141,37,6,0,0,190,105,51,0,13,308,0,42,2
California,Yolo,2007,365,265,89,9,2,0,0,164,74,43,0,5,257,0,101,2
California,Alameda,2008,366,182,168,12,3,1,0,205,83,51,0,15,100,0,251,0
California,Amador,2008,353,220,91,28,11,3,0,206,115,45,0,0,353,0,0,0
California,Butte,2008,366,173,157,24,9,3,0,212,100,52,0,0,259,0,107,0
California,Calaveras,2008,361,231,98,26,5,1,0,202,93,45,0,0,346,0,14,1
California,Colusa,2008,366,210,138,11,6,1,0,220,83,47,0,0,197,0,165,4
California,Contra Costa,2008,366,266,84,13,3,0,0,161,77,42,0,42,250,5,65,4
California,Del Norte,2008,118,113,5,0,0,0,0,68,30,14,0,0,0,0,92,26
California,El Dorado,2008,366,208,102,39,13,4,0,214,122,47,0,0,364,0,2,0
California,Fresno,2008,366,55,177,92,35,7,0,228,153,84,0,4,190,0,171,1
California,Glenn,2008,365,220,124,9,10,2,0,237,77,46,0,0,174,0,189,2
California,Humboldt,2008,364,349,15,0,0,0,0,87,42,28,6,18,286,0,50,4
California,Imperial,2008,366,171,162,28,5,0,0,169,97,53,2,78,235,0,31,20
California,Inyo,2008,366,197,134,22,9,0,4,710,100,49,0,0,304,0,1,61
California,Kern,2008,366,34,137,107,74,14,0,217,172,107,0,1,204,0,147,14
California,Kings,2008,366,68,194,69,32,3,0,220,143,80,0,0,202,0,141,23
California,Lake,2008,363,339,21,1,2,0,0,172,46,34,0,0,353,0,10,0
California,Los Angeles,2008,366,31,213,68,46,8,0,227,172,84,0,66,163,1,134,2
California,Madera,2008,346,215,85,40,5,1,0,202,108,45,0,35,311,0,0,0
California,Marin,2008,366,350,16,0,0,0,0,97,44,31,3,114,216,0,32,1
California,Mariposa,2008,366,144,161,45,16,0,0,200,119,55,0,0,289,0,77,0
California,Mendocino,2008,365,347,15,3,0,0,0,134,44,31,12,32,286,0,22,13
California,Merced,2008,364,176,129,44,12,3,0,216,119,52,0,32,285,0,41,6
California,Mono,2008,296,246,35,3,3,1,8,2665,64,20,0,0,0,0,21,275
California,Monterey,2008,366,339,27,0,0,0,0,97,49,36,0,11,334,0,13,8
California,Napa,2008,366,198,159,9,0,0,0,122,72,49,0,7,91,0,268,0
California,Nevada,2008,366,188,126,34,17,1,0,203,115,50,0,2,306,0,58,0
California,Orange,2008,366,108,216,36,6,0,0,197,101,65,0,54,108,0,200,4
California,Placer,2008,366,162,146,39,18,1,0,207,115,54,0,23,225,0,118,0
California,Plumas,2008,141,77,54,4,6,0,0,196,92,47,0,0,0,0,141,0
California,Riverside,2008,366,37,175,90,49,14,1,322,179,91,0,21,204,0,98,43
California,Sacramento,2008,366,133,160,47,19,7,0,219,140,61,0,24,239,0,97,6
California,San Benito,2008,364,238,100,22,4,0,0,172,93,45,0,0,354,0,10,0
California,San Bernardino,2008,366,79,140,67,55,25,0,222,190,84,0,60,266,0,33,7
California,San Diego,2008,366,67,225,63,10,1,0,204,117,72,0,47,191,0,122,6
California,San Francisco,2008,366,224,140,2,0,0,0,110,69,44,1,51,73,0,241,0
California,San Joaquin,2008,366,192,142,22,10,0,0,195,95,49,0,38,213,0,105,10
California,San Luis Obispo,2008,366,173,121,62,10,0,0,179,122,51,0,2,348,1,9,6
California,San Mateo,2008,366,244,121,1,0,0,0,102,69,40,0,41,114,0,211,0
California,Santa Barbara,2008,366,233,121,11,1,0,0,151,77,47,0,6,346,0,14,0
California,Santa Clara,2008,366,181,167,17,1,0,0,179,85,51,0,26,142,0,198,0
California,Santa Cruz,2008,366,335,30,1,0,0,0,115,49,36,0,0,350,0,12,4
California,Shasta,2008,366,251,85,23,6,1,0,250,93,45,0,0,344,0,22,0
California,Siskiyou,2008,360,326,32,2,0,0,0,115,50,34,0,0,331,0,19,10
California,Solano,2008,366,172,171,19,4,0,0,169,87,52,0,2,137,0,227,0
California,Sonoma,2008,366,335,31,0,0,0,0,90,48,37,1,45,281,0,39,0
California,Stanislaus,2008,366,106,178,63,15,4,0,226,130,64,0,2,195,0,167,2
California,Sutter,2008,365,179,149,28,7,2,0,208,101,51,0,15,204,0,145,1
California,Tehama,2008,314,196,87,27,4,0,0,197,100,47,0,0,303,0,0,11
California,Trinity,2008,122,103,8,2,9,0,0,188,94,18,0,0,0,0,69,53
California,Tulare,2008,366,61,135,97,65,8,0,217,166,97,0,0,245,0,121,0
California,Tuolumne,2008,365,237,90,29,7,2,0,209,101,45,0,0,365,0,0,0
California,Ventura,2008,366,188,121,50,7,0,0,174,115,50,0,16,316,0,34,0
California,Yolo,2008,366,238,107,14,7,0,0,182,80,44,0,10,231,0,118,7
California,Alameda,2009,365,190,162,12,1,0,0,151,80,49,0,21,110,0,234,0
California,Amador,2009,362,298,63,1,0,0,0,122,67,38,0,0,362,0,0,0
California,Butte,2009,365,185,148,31,1,0,0,156,100,50,0,1,263,0,101,0
California,Calaveras,2009,364,265,68,31,0,0,0,136,93,41,0,0,353,0,11,0
California,Colusa,2009,365,241,124,0,0,0,0,97,66,44,0,0,190,0,175,0
California,Contra Costa,2009,365,274,84,6,1,0,0,172,76,40,0,11,276,0,78,0
California,Del Norte,2009,125,123,2,0,0,0,0,84,30,12,0,0,0,0,89,36
California,El Dorado,2009,362,240,82,33,7,0,0,177,105,44,0,0,359,0,2,1
California,Fresno,2009,365,109,140,80,36,0,0,200,150,77,0,8,228,0,129,0
California,Glenn,2009,365,251,110,4,0,0,0,115,66,42,0,0,243,0,121,1
California,Humboldt,2009,362,343,19,0,0,0,0,89,42,28,2,23,289,3,44,1
California,Imperial,2009,365,155,158,50,2,0,0,161,105,55,3,61,249,0,35,17
California,Inyo,2009,365,219,124,5,5,5,7,1402,87,48,0,0,270,0,10,85
California,Kern,2009,365,39,157,91,73,5,0,299,160,96,0,0,189,0,169,7
California,Kings,2009,365,90,177,86,11,1,0,289,133,71,0,0,194,0,156,15
California,Lake,2009,362,349,13,0,0,0,0,90,44,34,0,0,359,0,3,0
California,Los Angeles,2009,365,34,213,71,43,4,0,218,156,79,0,31,169,0,159,6
California,Madera,2009,365,262,77,23,3,0,0,177,90,40,0,60,305,0,0,0
California,Marin,2009,365,331,34,0,0,0,0,97,50,31,1,67,223,0,73,1
California,Mariposa,2009,365,173,158,33,1,0,0,151,100,51,0,0,278,0,85,2
California,Mendocino,2009,365,162,202,1,0,0,0,138,69,54,0,25,33,0,293,14
California,Merced,2009,361,188,124,49,0,0,0,145,105,49,0,20,265,0,75,1
California,Mono,2009,365,320,29,4,2,1,9,14043,57,17,0,0,0,0,25,340
California,Monterey,2009,365,355,9,1,0,0,0,140,43,33,0,14,339,0,9,3
California,Napa,2009,365,259,103,3,0,0,0,122,66,38,0,0,177,0,188,0
California,Nevada,2009,364,244,84,34,2,0,0,164,100,44,0,0,349,0,15,0
California,Orange,2009,365,126,214,21,4,0,0,174,93,57,0,38,137,0,188,2
California,Placer,2009,365,167,161,27,10,0,0,190,101,52,0,9,226,0,130,0
California,Plumas,2009,119,77,38,4,0,0,0,140,82,42,0,0,0,0,119,0
California,Riverside,2009,365,29,188,90,56,2,0,204,164,87,0,8,188,0,121,48
California,Sacramento,2009,365,162,140,41,22,0,0,197,129,54,0,9,238,0,117,1
California,San Benito,2009,365,289,69,7,0,0,0,108,67,41,0,0,356,0,9,0
California,San Bernardino,2009,365,67,158,66,66,8,0,224,179,84,0,30,242,0,86,7
California,San Diego,2009,365,59,257,44,5,0,0,179,108,67,0,40,188,0,129,8
California,San Francisco,2009,365,196,164,5,0,0,0,136,67,48,0,25,39,0,301,0
California,San Joaquin,2009,365,244,97,23,1,0,0,177,92,44,0,46,244,0,70,5
California,San Luis Obispo,2009,365,171,165,29,0,0,0,141,97,52,0,0,282,0,68,15
California,San Mateo,2009,365,257,108,0,0,0,0,97,64,40,0,25,116,0,224,0
California,Santa Barbara,2009,365,260,94,7,4,0,0,172,71,45,0,5,345,0,14,1
California,Santa Clara,2009,365,244,111,10,0,0,0,140,75,43,0,20,190,0,155,0
California,Santa Cruz,2009,365,355,10,0,0,0,0,87,43,31,7,4,336,0,14,4
California,Shasta,2009,365,275,82,8,0,0,0,122,77,44,0,0,353,0,12,0
California,Siskiyou,2009,323,311,11,1,0,0,0,110,44,31,0,0,276,0,43,4
California,Solano,2009,365,239,117,9,0,0,0,150,78,40,0,6,206,0,153,0
California,Sonoma,2009,365,316,49,0,0,0,0,87,54,33,0,24,258,0,83,0
California,Stanislaus,2009,365,142,156,55,12,0,0,192,119,58,0,1,199,0,164,1
California,Sutter,2009,365,200,153,12,0,0,0,125,84,48,0,13,160,0,192,0
California,Tehama,2009,264,171,62,31,0,0,0,136,105,43,0,0,242,0,0,22
California,Trinity,2009,119,118,1,0,0,0,0,53,30,14,0,0,0,0,72,47
California,Tulare,2009,365,85,147,83,50,0,0,187,154,84,0,4,227,0,132,2
California,Tuolumne,2009,361,256,86,19,0,0,0,129,90,42,0,0,361,0,0,0
California,Ventura,2009,365,201,124,34,6,0,0,174,105,49,0,12,315,0,36,2
California,Yolo,2009,365,249,106,10,0,0,0,140,79,43,0,2,255,0,107,1
California,Alameda,2010,365,245,115,4,1,0,0,179,68,43,0,30,137,0,198,0
California,Amador,2010,361,302,48,10,1,0,0,151,64,35,0,0,361,0,0,0
California,Butte,2010,365,208,144,13,0,0,0,126,84,47,0,0,264,0,101,0
California,Calaveras,2010,365,271,81,12,1,0,0,154,84,41,0,0,311,0,54,0
California,Colusa,2010,353,322,30,1,0,0,0,119,49,38,0,0,306,0,42,5
California,Contra Costa,2010,365,307,49,8,1,0,0,154,64,39,0,11,287,2,63,2
California,Del Norte,2010,110,109,1,0,0,0,0,52,26,12,0,0,0,0,65,45
California,El Dorado,2010,365,251,89,23,2,0,0,192,93,42,0,0,365,0,0,0
California,Fresno,2010,365,99,179,65,21,1,0,209,130,70,0,1,211,0,153,0
California,Glenn,2010,365,279,86,0,0,0,0,91,58,42,0,0,250,0,114,1
California,Humboldt,2010,365,358,7,0,0,0,0,71,39,29,5,6,316,0,35,3
California,Imperial,2010,365,163,151,51,0,0,0,140,108,53,1,53,265,0,42,4
California,Inyo,2010,365,248,86,13,1,6,11,4466,93,44,0,0,259,0,31,75
California,Kern,2010,365,80,160,85,38,2,0,202,151,79,0,1,220,0,140,4
California,Kings,2010,365,66,216,65,15,3,0,208,129,70,0,1,151,0,211,2
California,Lake,2010,361,356,5,0,0,0,0,74,44,35,0,0,360,0,1,0
California,Los Angeles,2010,365,32,219,99,15,0,0,200,138,76,0,39,170,0,155,1
California,Madera,2010,364,215,121,18,9,1,0,201,90,46,0,21,268,0,73,2
California,Marin,2010,365,270,91,4,0,0,0,128,58,38,0,18,103,0,244,0
California,Mariposa,2010,365,197,142,23,3,0,0,187,93,49,0,0,311,0,52,2
California,Mendocino,2010,361,315,46,0,0,0,0,72,52,34,0,0,83,0,225,53
California,Merced,2010,365,149,177,33,6,0,0,177,101,55,0,3,194,0,165,3
California,Mono,2010,365,308,35,4,5,1,12,4240,61,18,0,0,0,0,12,353
California,Monterey,2010,365,336,29,0,0,0,0,100,48,36,0,3,269,0,91,2
California,Napa,2010,365,293,70,1,1,0,0,159,60,39,0,3,184,0,178,0
California,Nevada,2010,365,251,92,21,1,0,0,154,90,44,0,1,346,0,18,0
California,Orange,2010,365,118,239,7,1,0,0,177,80,56,0,22,100,0,243,0
California,Placer,2010,365,186,149,26,4,0,0,200,97,50,0,6,229,0,130,0
California,Plumas,2010,124,85,36,3,0,0,0,110,75,33,0,0,0,0,124,0
California,Riverside,2010,365,31,188,95,48,3,0,217,156,87,0,6,193,0,135,31
California,Sacramento,2010,365,202,135,20,7,1,0,207,97,49,0,14,228,0,122,1
California,San Benito,2010,365,310,48,7,0,0,0,126,58,40,0,0,332,0,33,0
California,San Bernardino,2010,365,37,193,80,48,7,0,219,164,81,0,10,229,1,125,0
California,San Diego,2010,365,89,251,21,4,0,0,181,93,61,0,42,172,0,148,3
California,San Francisco,2010,365,249,113,3,0,0,0,125,67,40,0,51,96,0,217,1
California,San Joaquin,2010,365,225,127,12,1,0,0,174,81,45,0,20,196,0,149,0
California,San Luis Obispo,2010,365,179,152,33,1,0,0,161,97,51,0,0,258,0,66,41
California,San Mateo,2010,362,295,65,2,0,0,0,122,56,35,2,23,165,0,172,0
California,Santa Barbara,2010,365,281,77,7,0,0,0,143,65,44,0,1,299,0,64,1
California,Santa Clara,2010,365,259,94,10,2,0,0,164,66,42,0,20,172,0,173,0
California,Santa Cruz,2010,365,353,12,0,0,0,0,95,44,34,0,0,241,0,124,0
California,Shasta,2010,365,279,71,15,0,0,0,119,84,43,0,0,354,0,11,0
California,Siskiyou,2010,361,352,9,0,0,0,0,90,44,33,0,0,352,0,8,1
California,Solano,2010,365,281,80,4,0,0,0,136,64,39,0,21,225,0,119,0
California,Sonoma,2010,365,317,48,0,0,0,0,93,53,32,0,8,182,0,174,1
California,Stanislaus,2010,365,166,161,32,6,0,0,177,102,53,0,0,216,0,149,0
California,Sutter,2010,365,234,127,3,1,0,0,170,69,44,0,15,168,0,182,0
California,Tehama,2010,365,186,161,18,0,0,0,136,90,50,0,0,214,0,150,1
California,Trinity,2010,122,122,0,0,0,0,0,35,21,10,0,0,0,0,84,38
California,Tulare,2010,365,100,153,78,34,0,0,197,150,69,0,1,219,0,144,1
California,Tuolumne,2010,365,274,83,8,0,0,0,147,80,41,0,0,365,0,0,0
California,Ventura,2010,365,222,125,14,4,0,0,161,87,47,0,11,322,0,32,0
California,Yolo,2010,362,301,58,3,0,0,0,109,57,38,0,9,275,0,74,4
California,Alameda,2011,365,220,134,11,0,0,0,147,74,44,0,20,137,0,208,0
California,Alpine,2011,7,4,3,0,0,0,0,57,57,42,0,0,0,0,7,0
California,Amador,2011,363,284,76,3,0,0,0,119,74,38,0,0,363,0,0,0
California,Butte,2011,365,149,192,24,0,0,0,149,90,55,0,0,180,0,185,0
California,Calaveras,2011,364,216,137,11,0,0,0,143,87,46,0,0,246,0,118,0
California,Colusa,2011,365,260,103,2,0,0,0,105,63,43,0,0,221,0,142,2
California,Contra Costa,2011,365,290,68,7,0,0,0,131,69,39,0,26,261,2,76,0
California,Del Norte,2011,120,119,1,0,0,0,0,54,30,13,0,0,0,0,83,37
California,El Dorado,2011,355,234,80,35,6,0,0,172,105,42,0,0,352,0,3,0
California,Fresno,2011,365,68,174,83,40,0,0,197,152,80,0,0,192,0,173,0
California,Glenn,2011,365,267,96,2,0,0,0,105,62,44,0,0,225,0,139,1
California,Humboldt,2011,365,306,59,0,0,0,0,78,55,35,3,4,214,0,142,2
California,Imperial,2011,365,192,140,32,1,0,0,164,93,49,8,61,233,0,56,7
California,Inyo,2011,365,173,146,33,5,2,6,13276,105,51,0,0,280,0,33,52
California,Kern,2011,365,65,160,100,40,0,0,200,151,84,0,1,216,0,141,7
California,Kings,2011,365,109,174,67,15,0,0,185,129,71,0,0,200,0,159,6
California,Lake,2011,365,359,6,0,0,0,0,54,44,34,0,0,364,0,1,0
California,Los Angeles,2011,365,17,227,82,36,3,0,218,151,80,0,22,162,0,180,1
California,Madera,2011,365,62,225,63,15,0,0,179,133,71,0,0,143,0,216,6
California,Marin,2011,365,279,85,1,0,0,0,117,59,39,0,17,113,0,234,1
California,Mariposa,2011,365,211,126,28,0,0,0,150,97,48,0,0,296,0,67,2
California,Mendocino,2011,361,291,70,0,0,0,0,80,56,39,0,0,31,0,309,21
California,Merced,2011,362,123,179,58,2,0,0,155,115,64,0,1,179,0,182,0
California,Mono,2011,365,313,34,4,1,0,13,4782,57,16,0,0,0,0,17,348
California,Monterey,2011,365,335,30,0,0,0,0,77,49,37,0,6,262,0,70,27
California,Napa,2011,365,243,120,2,0,0,0,120,66,42,2,10,154,0,198,1
California,Nevada,2011,365,251,93,20,1,0,0,154,87,43,0,0,342,0,23,0
California,Orange,2011,365,101,250,14,0,0,0,143,87,58,0,18,79,0,266,2
California,Placer,2011,365,173,153,33,6,0,0,172,101,52,0,7,240,0,118,0
California,Plumas,2011,122,75,42,4,1,0,0,153,88,39,0,0,0,0,122,0
California,Riverside,2011,365,22,187,97,50,8,1,320,164,92,0,0,184,2,131,48
California,Sacramento,2011,365,156,140,53,16,0,0,182,129,55,0,2,224,0,135,4
California,San Benito,2011,365,300,63,2,0,0,0,108,61,41,0,0,314,0,48,3
California,San Bernardino,2011,365,44,174,83,57,7,0,233,166,84,0,8,216,0,139,2
California,San Diego,2011,365,56,275,30,4,0,0,169,100,63,1,28,137,0,192,7
California,San Francisco,2011,365,252,111,2,0,0,0,131,70,41,0,80,124,0,161,0
California,San Joaquin,2011,365,173,149,36,7,0,0,156,103,53,0,5,206,0,150,4
California,San Luis Obispo,2011,365,138,208,19,0,0,0,133,93,56,0,0,197,0,155,13
California,San Mateo,2011,365,289,75,1,0,0,0,111,60,38,1,20,158,0,186,0
California,Santa Barbara,2011,365,206,156,2,1,0,0,161,63,49,0,3,182,1,176,3
California,Santa Clara,2011,365,187,172,6,0,0,0,138,72,50,0,5,95,0,265,0
California,Santa Cruz,2011,365,340,25,0,0,0,0,80,47,36,0,0,244,0,121,0
California,Shasta,2011,365,266,93,5,1,0,0,152,71,44,0,0,353,0,11,1
California,Siskiyou,2011,356,340,16,0,0,0,0,71,47,37,0,0,338,0,16,2
California,Solano,2011,365,243,113,9,0,0,0,147,74,43,0,5,212,0,148,0
California,Sonoma,2011,365,294,71,0,0,0,0,95,60,35,0,7,174,0,183,1
California,Stanislaus,2011,365,124,170,57,14,0,0,169,122,64,0,0,194,0,171,0
California,Sutter,2011,365,153,191,20,1,0,0,152,88,54,0,5,144,0,216,0
California,Tehama,2011,365,195,155,15,0,0,0,122,84,48,0,0,220,0,144,1
California,Trinity,2011,210,133,44,31,2,0,0,158,113,26,0,0,0,0,185,25
California,Tulare,2011,365,68,149,93,55,0,0,195,159,84,0,1,208,0,156,0
California,Tuolumne,2011,355,259,84,12,0,0,0,126,84,41,0,0,355,0,0,0
California,Ventura,2011,365,222,127,14,2,0,0,151,84,47,0,6,333,0,26,0
California,Yolo,2011,365,187,169,9,0,0,0,140,76,50,0,5,164,0,196,0
California,Alameda,2012,366,262,100,3,1,0,0,161,64,41,0,23,180,1,162,0
California,Alpine,2012,24,18,5,1,0,0,0,111,63,38,0,0,0,0,24,0
California,Amador,2012,363,257,86,19,1,0,0,156,90,40,0,0,363,0,0,0
California,Butte,2012,366,170,165,23,8,0,0,186,97,53,0,0,230,0,136,0
California,Calaveras,2012,366,245,108,12,1,0,0,156,87,44,0,0,281,0,84,1
California,Colusa,2012,366,191,168,3,3,1,0,202,71,49,0,0,106,0,257,3
California,Contra Costa,2012,366,292,70,3,1,0,0,154,65,39,0,17,293,0,56,0
California,Del Norte,2012,119,119,0,0,0,0,0,45,26,10,0,0,0,0,79,40
California,El Dorado,2012,366,212,102,46,6,0,0,177,105,45,0,0,366,0,0,0
California,Fresno,2012,366,77,155,92,41,1,0,212,151,80,0,1,222,0,143,0
California,Glenn,2012,366,263,102,1,0,0,0,106,67,43,0,0,267,0,97,2
California,Humboldt,2012,366,316,50,0,0,0,0,72,52,36,0,0,205,0,161,0
California,Imperial,2012,366,173,154,34,4,1,0,274,101,52,2,62,229,0,57,16
California,Inyo,2012,366,204,133,15,4,2,8,3812,93,48,0,0,280,0,10,76
California,Kern,2012,366,64,160,92,49,1,0,202,154,84,0,0,218,0,143,5
California,Kings,2012,366,117,183,60,6,0,0,172,114,66,0,0,210,0,137,19
California,Lake,2012,362,336,23,3,0,0,0,143,47,35,0,0,360,0,2,0
California,Los Angeles,2012,366,33,203,93,35,2,0,207,151,84,0,23,176,0,165,2
California,Madera,2012,366,102,183,70,11,0,0,200,129,64,0,0,210,0,149,7
California,Marin,2012,366,319,47,0,0,0,0,81,52,35,0,19,152,0,195,0
California,Mariposa,2012,366,168,152,44,2,0,0,166,105,54,0,0,305,0,61,0
California,Mendocino,2012,357,314,43,0,0,0,0,77,52,33,0,0,203,0,145,9
California,Merced,2012,366,164,168,33,1,0,0,151,97,53,0,0,236,0,127,3
California,Mono,2012,366,326,16,5,5,0,14,3868,54,17,0,0,0,0,21,345
California,Monterey,2012,366,332,34,0,0,0,0,84,50,37,1,5,246,0,91,23
California,Napa,2012,366,273,93,0,0,0,0,84,62,38,2,7,198,0,159,0
California,Nevada,2012,366,233,105,26,2,0,0,164,97,42,0,0,353,0,13,0
California,Orange,2012,366,131,223,12,0,0,0,147,84,55,0,17,112,0,236,1
California,Placer,2012,366,191,134,35,6,0,0,166,105,49,0,11,260,0,95,0
California,Plumas,2012,124,76,40,8,0,0,0,124,91,36,0,0,0,0,124,0
California,Riverside,2012,366,21,178,113,53,1,0,233,156,94,0,1,185,0,136,44
California,Sacramento,2012,366,177,132,46,10,1,0,201,119,52,0,9,264,0,92,1
California,San Benito,2012,366,286,72,8,0,0,0,133,71,41,0,0,348,0,17,1
California,San Bernardino,2012,366,50,173,84,51,8,0,207,169,90,0,17,227,0,113,9
California,San Diego,2012,366,71,259,35,1,0,0,165,100,64,0,17,147,0,171,31
California,San Francisco,2012,364,294,68,2,0,0,0,105,60,36,3,68,140,0,153,0
California,San Joaquin,2012,366,142,182,38,4,0,0,182,101,56,0,3,195,0,164,4
California,San Luis Obispo,2012,366,166,163,35,2,0,0,154,101,53,0,0,245,0,93,28
California,San Mateo,2012,366,300,66,0,0,0,0,98,56,36,0,26,141,0,199,0
California,Santa Barbara,2012,366,225,138,3,0,0,0,136,67,47,0,0,274,4,88,0
California,Santa Clara,2012,366,248,112,6,0,0,0,122,67,45,0,9,168,0,189,0
California,Santa Cruz,2012,365,357,7,1,0,0,0,101,44,34,0,0,293,0,72,0
California,Shasta,2012,366,262,98,5,1,0,0,172,77,44,0,0,356,0,10,0
California,Siskiyou,2012,362,329,30,1,2,0,0,163,50,37,0,0,345,0,15,2
California,Solano,2012,366,264,97,5,0,0,0,140,65,41,0,8,231,0,127,0
California,Sonoma,2012,366,306,60,0,0,0,0,80,56,37,0,7,205,0,154,0
California,Stanislaus,2012,366,123,164,67,11,1,0,201,125,63,0,1,202,0,162,1
California,Sutter,2012,366,203,146,17,0,0,0,150,84,48,0,10,232,0,123,1
California,Tehama,2012,366,209,138,19,0,0,0,150,93,47,0,0,282,0,84,0
California,Trinity,2012,343,178,130,28,6,1,0,219,101,45,0,0,0,0,342,1
California,Tulare,2012,366,91,137,98,40,0,0,195,151,80,0,0,243,0,122,1
California,Tuolumne,2012,364,246,105,13,0,0,0,136,87,42,0,0,364,0,0,0
California,Ventura,2012,366,156,178,31,1,0,0,154,97,54,0,4,247,0,114,1
California,Yolo,2012,366,249,109,8,0,0,0,133,74,44,0,0,256,0,110,0
California,Alameda,2013,365,189,168,8,0,0,0,122,79,50,0,13,83,0,269,0
California,Alpine,2013,32,23,2,0,5,2,0,246,175,35,0,0,0,0,32,0
California,Amador,2013,365,301,62,2,0,0,0,108,61,38,0,0,365,0,0,0
California,Butte,2013,365,147,209,8,1,0,0,169,90,54,0,0,221,0,144,0
California,Calaveras,2013,364,248,114,2,0,0,0,119,64,45,0,0,229,0,135,0
California,Colusa,2013,364,250,112,2,0,0,0,126,63,41,0,0,151,0,208,5
California,Contra Costa,2013,365,210,152,3,0,0,0,115,69,46,0,6,119,1,239,0
California,Del Norte,2013,126,123,3,0,0,0,0,72,23,13,0,0,0,0,89,37
California,El Dorado,2013,365,222,120,23,0,0,0,147,90,45,0,0,362,0,3,0
California,Fresno,2013,365,53,173,114,25,0,0,197,147,87,0,1,215,0,143,6
California,Glenn,2013,361,244,116,1,0,0,0,101,64,44,0,0,207,0,154,0
California,Humboldt,2013,365,299,65,1,0,0,0,108,58,35,1,1,144,0,218,1
California,Imperial,2013,365,151,175,35,3,1,0,207,101,56,4,30,198,0,40,93
California,Inyo,2013,365,231,113,10,7,2,2,425,86,46,0,0,286,0,26,53
California,Kern,2013,365,35,194,104,31,1,0,218,148,89,0,0,177,0,185,3
California,Kings,2013,365,76,194,80,15,0,0,189,130,77,0,0,198,0,123,44
California,Lake,2013,364,355,9,0,0,0,0,80,44,33,0,0,362,0,2,0
California,Los Angeles,2013,365,22,243,75,25,0,0,197,140,77,0,21,176,0,165,3
California,Madera,2013,365,66,225,64,10,0,0,190,119,71,0,0,191,0,167,7
California,Marin,2013,365,254,109,2,0,0,0,124,61,40,1,6,80,0,278,0
California,Mariposa,2013,365,177,166,21,0,1,0,230,90,51,0,0,289,0,73,3
California,Mendocino,2013,331,275,56,0,0,0,0,79,59,28,0,0,54,0,113,164
California,Merced,2013,364,139,177,43,5,0,0,164,112,58,0,1,198,0,162,3
California,Mono,2013,365,311,43,6,1,0,4,3180,58,19,0,0,0,0,11,354
California,Monterey,2013,365,319,46,0,0,0,0,96,52,38,0,4,219,0,111,31
California,Napa,2013,365,218,144,3,0,0,0,119,70,44,0,4,129,0,232,0
California,Nevada,2013,362,207,134,21,0,0,0,140,91,48,0,0,337,0,25,0
California,Orange,2013,365,142,211,12,0,0,0,143,73,53,0,27,101,0,234,3
California,Placer,2013,365,182,166,13,4,0,0,161,84,51,0,6,211,0,148,0
California,Plumas,2013,119,65,39,13,2,0,0,162,113,42,0,0,0,0,119,0
California,Riverside,2013,365,34,195,98,36,0,2,455,151,87,0,0,198,0,117,50
California,Sacramento,2013,365,162,169,32,2,0,0,154,100,54,0,3,220,0,137,5
California,San Benito,2013,365,294,66,5,0,0,0,112,61,43,0,0,321,0,40,4
California,San Bernardino,2013,365,66,164,83,49,3,0,218,159,84,0,32,229,0,91,13
California,San Diego,2013,365,56,272,35,1,0,1,617,101,66,9,20,152,0,156,28
California,San Francisco,2013,365,254,109,2,0,0,0,133,65,38,0,57,85,0,223,0
California,San Joaquin,2013,365,122,210,24,9,0,0,157,99,57,0,0,88,0,261,16
California,San Luis Obispo,2013,365,103,247,15,0,0,0,136,90,59,0,0,174,3,155,33
California,San Mateo,2013,365,259,102,4,0,0,0,115,67,38,0,22,116,0,227,0
California,Santa Barbara,2013,365,237,124,4,0,0,0,122,64,46,0,2,254,4,101,4
California,Santa Clara,2013,365,206,151,7,1,0,0,152,80,48,0,4,154,0,207,0
California,Santa Cruz,2013,365,280,63,22,0,0,0,149,83,38,0,0,242,0,123,0
California,Shasta,2013,365,297,66,2,0,0,0,105,64,42,0,0,351,0,13,1
California,Siskiyou,2013,361,326,31,4,0,0,0,121,50,37,0,0,338,0,22,1
California,Solano,2013,365,230,124,11,0,0,0,132,73,44,0,3,180,0,182,0
California,Sonoma,2013,365,291,74,0,0,0,0,85,61,36,0,3,218,0,142,2
California,Stanislaus,2013,365,142,158,54,11,0,0,165,118,61,0,1,218,0,145,1
California,Sutter,2013,365,205,151,9,0,0,0,126,84,48,0,5,233,0,126,1
California,Tehama,2013,365,254,100,11,0,0,0,136,74,43,0,0,297,0,67,1
California,Trinity,2013,218,150,52,16,0,0,0,143,97,27,0,0,0,0,200,18
California,Tulare,2013,365,61,166,111,26,1,0,201,143,84,0,0,220,0,145,0
California,Tuolumne,2013,364,284,78,2,0,0,0,119,64,43,0,0,364,0,0,0
California,Ventura,2013,365,182,172,10,1,0,0,159,77,51,0,6,234,0,120,5
California,Yolo,2013,365,282,83,0,0,0,0,91,61,41,0,4,277,0,82,2
California,Alameda,2014,365,246,109,10,0,0,0,133,69,43,0,33,155,0,177,0
California,Alpine,2014,50,47,3,0,0,0,0,80,42,23,0,0,0,0,50,0
California,Amador,2014,359,263,86,10,0,0,0,133,80,42,0,0,359,0,0,0
California,Butte,2014,365,173,178,12,2,0,0,155,84,52,0,0,228,0,137,0
California,Calaveras,2014,361,264,93,4,0,0,0,115,71,44,0,0,279,0,82,0
California,Colusa,2014,365,243,122,0,0,0,0,99,63,44,0,0,159,0,205,1
California,Contra Costa,2014,365,234,126,5,0,0,0,133,67,45,0,1,172,0,192,0
California,Del Norte,2014,115,112,3,0,0,0,0,55,33,12,0,0,0,0,115,0
California,El Dorado,2014,365,223,96,43,3,0,0,161,105,45,0,0,355,0,3,7
California,Fresno,2014,365,74,167,91,33,0,0,197,148,81,0,0,231,0,131,3
California,Glenn,2014,365,289,75,1,0,0,0,105,59,41,0,0,259,0,93,13
California,Humboldt,2014,365,220,139,5,1,0,0,164,66,43,0,0,89,0,270,6
California,Imperial,2014,365,46,265,45,5,2,2,359,112,67,0,2,109,0,160,94
California,Inyo,2014,365,233,117,6,5,1,3,911,83,47,0,0,294,0,28,43
California,Kern,2014,365,32,173,117,42,0,1,307,154,97,0,0,230,0,127,8
California,Kings,2014,365,85,203,52,25,0,0,172,126,71,0,0,204,0,116,45
California,Lake,2014,357,335,22,0,0,0,0,93,48,37,0,0,352,0,4,1
California,Los Angeles,2014,365,24,234,79,26,2,0,205,143,80,0,19,172,0,170,4
California,Madera,2014,365,95,195,60,15,0,0,179,126,67,0,0,221,0,133,11
California,Marin,2014,365,261,103,1,0,0,0,107,61,43,0,6,59,0,300,0
California,Mariposa,2014,365,195,143,26,1,0,0,153,93,49,0,0,305,0,56,4
California,Mendocino,2014,365,292,73,0,0,0,0,95,58,38,0,0,166,0,198,1
California,Merced,2014,364,148,158,56,2,0,0,156,113,60,0,2,250,0,110,2
California,Mono,2014,365,333,20,1,3,2,6,2514,44,15,0,0,0,0,20,345
California,Monterey,2014,365,337,28,0,0,0,0,100,48,37,0,0,263,0,73,29
California,Napa,2014,365,214,151,0,0,0,0,88,65,46,0,0,74,0,291,0
California,Nevada,2014,365,214,117,33,1,0,0,163,100,46,0,0,358,0,7,0
California,Orange,2014,365,83,261,19,2,0,0,156,87,59,0,18,69,0,276,2
California,Placer,2014,365,168,169,23,4,1,0,240,97,52,0,2,244,0,119,0
California,Plumas,2014,127,72,42,10,3,0,0,156,103,41,0,0,0,0,127,0
California,Riverside,2014,365,19,190,122,32,1,1,537,150,93,0,0,205,0,96,64
California,Sacramento,2014,365,178,147,40,0,0,0,147,105,51,0,3,247,0,113,2
California,San Benito,2014,365,299,62,4,0,0,0,115,61,42,0,0,345,0,19,1
California,San Bernardino,2014,365,39,199,83,43,1,0,201,159,80,0,18,215,0,115,17
California,San Diego,2014,365,89,237,37,2,0,0,165,101,61,0,17,208,0,125,15
California,San Francisco,2014,365,309,56,0,0,0,0,97,54,34,0,71,136,0,158,0
California,San Joaquin,2014,365,159,172,33,1,0,0,152,99,54,0,2,224,0,133,6
California,San Luis Obispo,2014,365,138,213,14,0,0,0,126,87,55,0,0,179,0,172,14
California,San Mateo,2014,365,319,46,0,0,0,0,99,53,34,1,37,185,0,142,0
California,Santa Barbara,2014,365,223,135,5,2,0,0,159,64,47,0,2,247,1,107,8
California,Santa Clara,2014,365,268,89,7,1,0,0,154,70,41,0,27,200,0,137,1
California,Santa Cruz,2014,365,301,52,12,0,0,0,136,66,35,0,0,244,0,121,0
California,Shasta,2014,365,277,82,6,0,0,0,126,71,43,0,0,354,0,9,2
California,Siskiyou,2014,363,332,29,0,2,0,0,159,50,37,0,0,347,0,14,2
California,Solano,2014,365,254,108,3,0,0,0,124,67,43,0,1,172,0,192,0
California,Sonoma,2014,365,314,51,0,0,0,0,81,54,37,0,0,227,0,136,2
California,Stanislaus,2014,365,142,164,53,6,0,0,164,114,58,0,0,248,0,114,3
California,Sutter,2014,365,182,170,12,1,0,0,156,82,51,0,5,200,0,159,1
California,Tehama,2014,364,235,113,15,1,0,0,151,80,44,0,0,330,0,33,1
California,Trinity,2014,112,105,7,0,0,0,0,88,33,9,0,0,0,0,112,0
California,Tulare,2014,365,70,171,97,27,0,0,169,145,84,0,0,223,0,141,1
California,Tuolumne,2014,334,214,104,16,0,0,0,133,87,46,0,0,334,0,0,0
California,Ventura,2014,365,157,193,15,0,0,0,150,87,53,0,1,237,0,123,4
California,Yolo,2014,365,288,76,1,0,0,0,101,60,41,0,3,242,0,119,1
California,Alameda,2015,365,214,139,12,0,0,0,147,76,46,0,15,180,0,170,0
California,Alpine,2015,31,1,14,13,3,0,0,170,149,102,0,0,0,0,31,0
California,Amador,2015,364,283,73,8,0,0,0,140,67,41,0,0,364,0,0,0
California,Butte,2015,365,170,182,12,1,0,0,152,84,52,0,0,237,0,127,1
California,Calaveras,2015,365,245,98,18,2,1,1,320,90,45,0,0,274,0,91,0
California,Colusa,2015,365,229,130,4,2,0,0,191,70,46,0,0,154,0,208,3
California,Contra Costa,2015,365,258,99,8,0,0,0,147,67,44,0,7,213,0,145,0
California,Del Norte,2015,114,106,8,0,0,0,0,69,39,15,0,0,0,0,114,0
California,El Dorado,2015,365,239,102,22,2,0,0,166,93,44,0,0,350,0,5,10
California,Fresno,2015,365,60,203,78,23,1,0,205,136,80,0,0,227,0,133,5
California,Glenn,2015,365,257,108,0,0,0,0,93,67,44,0,0,243,0,99,23
California,Humboldt,2015,365,310,55,0,0,0,0,90,54,36,0,0,183,0,176,6
California,Imperial,2015,365,87,236,39,3,0,0,175,105,63,0,5,147,0,127,86
California,Inyo,2015,365,203,141,12,6,0,3,1383,90,48,0,0,286,0,29,50
California,Kern,2015,365,44,199,93,28,1,0,201,146,84,0,1,231,0,129,4
California,Kings,2015,365,90,205,60,10,0,0,174,119,71,0,0,197,0,131,37
California,Lake,2015,363,351,11,1,0,0,0,148,47,36,0,0,361,0,2,0
California,Los Angeles,2015,365,26,207,95,36,1,0,203,151,79,0,25,189,0,149,2
California,Madera,2015,365,109,209,43,4,0,0,154,105,63,0,0,223,0,127,15
California,Marin,2015,365,285,78,2,0,0,0,103,61,36,1,16,178,0,169,1
California,Mariposa,2015,365,239,115,6,4,1,0,215,84,46,0,0,327,0,29,9
California,Mendocino,2015,365,302,59,2,2,0,0,160,55,38,0,0,136,0,229,0
California,Merced,2015,365,142,178,41,4,0,0,159,105,58,0,0,217,0,147,1
California,Mono,2015,365,321,25,2,4,1,12,3994,54,14,0,0,0,0,29,336
California,Monterey,2015,365,331,33,1,0,0,0,120,50,37,0,2,258,0,80,25
California,Napa,2015,365,237,127,1,0,0,0,108,69,44,1,1,145,0,216,2
California,Nevada,2015,364,217,116,29,2,0,0,166,93,47,0,0,356,0,8,0
California,Orange,2015,365,126,218,19,2,0,0,156,87,56,0,36,128,0,200,1
California,Placer,2015,365,236,120,8,1,0,0,179,75,45,0,9,205,0,151,0
California,Plumas,2015,132,68,50,10,4,0,0,157,102,50,0,0,0,0,132,0
California,Riverside,2015,365,43,182,106,32,2,0,238,150,87,0,0,194,0,107,64
California,Sacramento,2015,365,153,184,25,3,0,0,172,93,54,0,4,193,0,168,0
California,San Benito,2015,365,313,52,0,0,0,0,93,58,39,0,0,341,0,23,1
California,San Bernardino,2015,365,35,200,88,37,5,0,223,154,83,0,31,203,0,124,7
California,San Diego,2015,365,91,233,40,1,0,0,155,102,61,0,8,208,0,147,2
California,San Francisco,2015,365,300,65,0,0,0,0,100,56,35,0,68,164,0,133,0
California,San Joaquin,2015,365,138,191,32,4,0,0,164,100,56,0,1,170,0,188,6
California,San Luis Obispo,2015,365,163,197,5,0,0,0,126,80,53,0,0,191,0,148,26
California,San Mateo,2015,365,327,37,1,0,0,0,101,51,32,1,40,230,0,94,0
California,Santa Barbara,2015,365,249,115,1,0,0,0,101,67,45,0,3,251,0,106,5
California,Santa Clara,2015,365,247,111,7,0,0,0,147,67,43,0,15,187,0,163,0
California,Santa Cruz,2015,365,320,45,0,0,0,0,94,54,35,0,0,254,0,111,0
California,Shasta,2015,365,256,96,12,1,0,0,156,84,44,0,0,354,0,11,0
California,Siskiyou,2015,362,334,24,4,0,0,0,139,48,36,0,0,343,0,17,2
California,Solano,2015,365,246,115,4,0,0,0,118,74,44,0,6,201,0,157,1
California,Sonoma,2015,365,321,44,0,0,0,0,88,53,35,0,1,267,0,94,3
California,Stanislaus,2015,365,127,190,43,5,0,0,187,112,59,0,0,202,0,154,9
California,Sutter,2015,365,194,163,8,0,0,0,119,84,49,1,2,233,0,129,0
California,Tehama,2015,365,231,115,18,1,0,0,153,87,45,0,0,311,0,52,2
California,Trinity,2015,68,68,0,0,0,0,0,49,22,9,0,0,0,0,68,0
California,Tulare,2015,365,50,217,78,20,0,0,170,143,78,0,0,206,0,154,5
California,Tuolumne,2015,364,264,89,11,0,0,0,126,77,43,0,0,364,0,0,0
California,Ventura,2015,365,183,169,13,0,0,0,126,84,50,0,4,226,0,131,4
California,Yolo,2015,365,236,125,4,0,0,0,103,75,44,0,2,230,0,133,0
California,Alameda,2016,366,239,112,13,2,0,0,154,74,44,0,15,214,0,137,0
California,Alpine,2016,24,22,2,0,0,0,0,65,47,22,0,0,0,0,24,0
California,Amador,2016,366,304,57,5,0,0,0,115,64,37,0,0,366,0,0,0
California,Butte,2016,366,169,181,16,0,0,0,127,86,52,0,0,199,0,167,0
California,Calaveras,2016,366,232,112,22,0,0,0,150,87,44,0,0,280,0,85,1
California,Colusa,2016,366,272,94,0,0,0,0,91,64,43,0,0,248,0,99,19
California,Contra Costa,2016,366,287,76,3,0,0,0,143,59,40,0,2,223,0,141,0
California,Del Norte,2016,177,172,5,0,0,0,0,65,40,20,0,0,0,0,177,0
California,El Dorado,2016,366,222,101,31,12,0,0,172,105,45,0,0,365,0,1,0
California,Fresno,2016,366,92,169,80,25,0,0,190,140,74,0,1,217,0,136,12
California,Glenn,2016,362,259,103,0,0,0,0,91,61,43,0,0,210,0,143,9
California,Humboldt,2016,366,326,40,0,0,0,0,74,52,35,0,1,229,0,130,6
California,Imperial,2016,366,105,216,39,3,1,2,541,105,60,0,2,144,0,90,130
California,Inyo,2016,366,244,99,15,4,1,3,426,87,44,0,0,313,0,16,37
California,Kern,2016,366,70,180,102,14,0,0,169,136,80,0,0,231,0,128,7
California,Kings,2016,366,85,207,71,3,0,0,156,115,70,0,0,184,0,133,49
California,Lake,2016,365,358,7,0,0,0,0,74,44,33,0,0,363,0,2,0
California,Los Angeles,2016,366,32,230,81,19,4,0,210,134,75,0,33,174,0,157,2
California,Madera,2016,366,123,193,47,3,0,0,156,105,59,0,0,217,0,134,15
California,Marin,2016,366,339,27,0,0,0,0,90,48,32,0,14,221,0,131,0
California,Mariposa,2016,366,219,127,19,1,0,0,159,93,46,0,0,270,0,80,16
California,Mendocino,2016,364,334,30,0,0,0,0,66,45,33,0,0,193,0,167,4
California,Merced,2016,366,158,173,33,2,0,0,151,100,53,0,0,225,0,138,3
California,Mono,2016,366,314,19,3,6,0,24,6403,63,18,0,0,0,0,19,347
California,Monterey,2016,366,325,30,3,8,0,0,176,52,36,0,0,262,0,63,41
California,Napa,2016,366,296,70,0,0,0,0,90,56,37,0,2,166,0,197,1
California,Nevada,2016,366,235,86,40,5,0,0,179,101,44,0,0,359,0,7,0
California,Orange,2016,366,149,202,13,2,0,0,169,87,54,0,30,173,0,162,1
California,Placer,2016,366,241,105,17,3,0,0,166,80,44,0,7,237,0,121,1
California,Plumas,2016,355,250,94,10,1,0,0,152,73,32,0,0,0,0,355,0
California,Riverside,2016,366,44,193,86,37,4,2,389,154,82,0,0,210,0,97,59
California,Sacramento,2016,366,187,138,34,7,0,0,172,101,49,0,5,221,0,140,0
California,San Benito,2016,366,305,56,5,0,0,0,126,61,39,0,0,352,0,14,0
California,San Bernardino,2016,366,28,200,78,48,12,0,217,172,83,0,37,204,0,116,9
California,San Diego,2016,366,69,255,40,2,0,0,164,105,66,0,4,224,0,138,0
California,San Francisco,2016,366,311,55,0,0,0,0,67,53,36,1,45,154,0,166,0
California,San Joaquin,2016,366,138,202,25,1,0,0,166,93,55,0,2,144,0,217,3
California,San Luis Obispo,2016,366,177,180,8,1,0,0,156,84,51,0,0,249,0,75,42
California,San Mateo,2016,366,303,63,0,0,0,0,67,54,37,1,26,119,0,220,0
California,Santa Barbara,2016,366,261,93,9,2,0,1,315,67,44,0,0,259,0,72,35
California,Santa Clara,2016,366,272,93,1,0,0,0,101,61,40,0,14,191,0,161,0
California,Santa Cruz,2016,366,347,19,0,0,0,0,72,45,32,0,0,255,0,111,0
California,Shasta,2016,366,298,54,14,0,0,0,140,74,41,0,0,363,0,3,0
California,Siskiyou,2016,362,356,6,0,0,0,0,93,43,27,0,0,342,0,20,0
California,Solano,2016,366,278,86,2,0,0,0,105,62,40,0,3,208,0,155,0
California,Sonoma,2016,366,348,18,0,0,0,0,87,44,32,0,0,298,0,64,4
California,Stanislaus,2016,366,147,176,40,3,0,0,164,103,55,0,1,202,0,159,4
California,Sutter,2016,366,166,168,32,0,0,0,147,97,53,0,0,204,0,162,0
California,Tehama,2016,366,226,98,37,5,0,0,174,108,44,0,0,325,0,40,1
California,Trinity,2016,167,116,51,0,0,0,0,96,70,38,0,0,0,0,167,0
California,Tulare,2016,366,80,162,102,22,0,0,177,145,77,0,0,222,0,137,7
California,Tuolumne,2016,354,223,86,38,7,0,0,164,108,44,0,0,354,0,0,0
California,Ventura,2016,366,173,184,9,0,0,0,147,84,51,0,0,232,0,127,7
California,Yolo,2016,366,293,69,4,0,0,0,115,61,40,0,1,281,0,83,1
California,Alameda,2017,365,189,162,9,4,1,0,205,76,49,0,14,110,0,241,0
California,Amador,2017,362,291,67,4,0,0,0,136,64,38,0,0,362,0,0,0
California,Butte,2017,365,152,189,23,1,0,0,154,94,57,0,0,218,0,145,2
California,Calaveras,2017,354,169,171,12,2,0,0,172,87,51,0,0,226,0,127,1
California,Colusa,2017,365,274,83,7,1,0,0,193,65,40,0,0,202,0,130,33
California,Contra Costa,2017,365,222,131,8,4,0,0,169,72,46,0,1,138,0,226,0
California,Del Norte,2017,298,270,26,0,1,1,0,226,49,20,0,0,0,0,298,0
California,El Dorado,2017,362,235,96,31,0,0,0,147,100,45,0,0,327,0,6,29
California,Fresno,2017,365,102,143,93,26,1,0,207,140,74,0,2,234,0,116,13
California,Glenn,2017,365,284,74,7,0,0,0,150,59,43,0,0,207,0,115,43
California,Humboldt,2017,365,317,40,5,3,0,0,173,56,35,1,1,258,0,94,11
California,Imperial,2017,365,112,211,37,2,2,1,331,104,61,0,2,171,0,100,92
California,Inyo,2017,365,204,136,16,3,0,6,2060,87,48,0,0,288,0,23,54
California,Kern,2017,365,76,150,115,24,0,0,197,140,84,0,0,253,0,99,13
California,Kings,2017,365,96,198,50,21,0,0,181,125,70,0,0,201,0,122,42
California,Lake,2017,362,350,10,1,1,0,0,166,44,35,0,0,350,0,10,2
California,Los Angeles,2017,365,38,207,74,38,8,0,224,156,77,0,28,169,0,168,0
California,Madera,2017,365,142,175,42,6,0,0,166,105,58,0,1,242,0,107,15
California,Marin,2017,365,290,67,5,3,0,0,161,57,38,0,11,143,0,211,0
California,Mariposa,2017,365,190,135,31,9,0,0,179,101,49,0,0,257,0,108,0
California,Mendocino,2017,365,273,84,7,1,0,0,188,66,39,0,0,185,0,176,4
California,Merced,2017,364,162,168,31,3,0,0,158,100,54,0,0,213,0,149,2
California,Mono,2017,365,303,37,5,1,4,15,3439,63,18,0,0,0,0,24,341
California,Monterey,2017,365,304,60,1,0,0,0,121,54,39,0,0,232,0,75,58
California,Napa,2017,365,230,121,7,5,2,0,249,67,43,1,1,113,0,250,0
California,Nevada,2017,365,200,84,62,19,0,0,185,133,49,0,0,353,0,12,0
California,Orange,2017,365,147,186,30,2,0,0,151,97,54,0,21,199,0,142,3
California,Placer,2017,365,247,109,7,2,0,0,156,77,43,0,9,253,0,100,3
California,Plumas,2017,351,221,105,17,8,0,0,179,89,35,0,0,0,0,351,0
California,Riverside,2017,365,52,162,100,43,6,2,366,161,87,0,1,234,0,92,38
California,Sacramento,2017,365,158,172,33,2,0,0,164,100,56,0,1,204,0,155,5
California,San Benito,2017,365,298,65,2,0,0,0,117,64,40,0,0,333,0,29,3
California,San Bernardino,2017,365,31,186,74,51,23,0,233,185,84,0,25,219,1,105,15
California,San Diego,2017,365,83,220,56,6,0,0,174,112,65,0,3,242,0,120,0
California,San Francisco,2017,365,276,82,7,0,0,0,136,63,38,0,47,131,0,187,0
California,San Joaquin,2017,365,185,147,33,0,0,0,146,100,50,0,3,198,0,149,15
California,San Luis Obispo,2017,365,143,214,8,0,0,0,133,80,54,0,0,211,0,111,43
California,San Mateo,2017,365,294,64,4,3,0,0,154,58,37,0,18,164,0,183,0
California,Santa Barbara,2017,365,247,101,6,9,2,0,281,74,44,0,0,253,0,98,14
California,Santa Clara,2017,365,240,113,9,3,0,0,182,74,44,0,16,201,0,148,0
California,Santa Cruz,2017,365,312,49,4,0,0,0,130,56,35,0,0,228,0,137,0
California,Shasta,2017,365,263,88,12,2,0,0,157,84,44,0,0,354,0,11,0
California,Siskiyou,2017,225,202,19,3,1,0,0,163,51,26,0,0,138,0,87,0
California,Solano,2017,365,244,111,5,5,0,0,175,71,44,0,3,199,0,163,0
California,Sonoma,2017,365,311,49,2,3,0,0,165,55,38,0,0,249,0,114,2
California,Stanislaus,2017,365,156,146,55,8,0,0,185,112,58,0,1,228,0,128,8
California,Sutter,2017,365,181,175,9,0,0,0,130,82,51,0,0,172,0,189,4
California,Tehama,2017,365,262,94,6,3,0,0,167,77,40,0,0,302,0,63,0
California,Trinity,2017,203,100,92,6,1,2,2,498,90,51,0,0,0,0,203,0
California,Tulare,2017,365,93,145,96,31,0,0,168,147,80,0,1,236,0,119,9
California,Tuolumne,2017,362,231,106,25,0,0,0,143,93,44,0,0,362,0,0,0
California,Ventura,2017,365,164,168,20,8,3,2,537,100,53,0,0,250,0,107,8
California,Yolo,2017,365,265,93,6,1,0,0,153,71,43,0,1,269,0,94,1
California,Alameda,2018,365,175,173,5,10,2,0,223,76,51,0,10,72,0,283,0
California,Amador,2018,364,288,70,6,0,0,0,129,71,40,0,0,364,0,0,0
California,Butte,2018,365,152,173,22,11,3,4,445,104,54,0,0,203,0,161,1
California,Calaveras,2018,364,148,196,14,6,0,0,157,87,53,0,0,141,0,223,0
California,Colusa,2018,365,245,92,10,17,1,0,274,81,42,0,0,176,0,155,34
California,Contra Costa,2018,365,203,144,7,9,2,0,245,71,48,0,1,107,1,256,0
California,Del Norte,2018,180,162,18,0,0,0,0,77,52,25,0,0,0,0,180,0
California,El Dorado,2018,365,222,106,27,9,1,0,203,101,45,0,0,353,0,3,9
California,Fresno,2018,365,84,183,79,19,0,0,185,133,74,0,3,231,0,121,10
California,Glenn,2018,363,275,72,9,6,1,0,230,69,36,0,0,154,0,136,73
California,Humboldt,2018,365,324,35,5,1,0,0,163,53,34,0,2,251,0,94,18
California,Imperial,2018,365,95,220,41,7,2,0,286,108,62,0,7,129,0,100,129
California,Inyo,2018,365,198,130,26,8,2,1,624,101,48,0,0,311,0,20,34
California,Kern,2018,365,65,170,103,27,0,0,190,142,84,0,0,246,0,106,13
California,Kings,2018,365,89,218,49,9,0,0,180,114,69,0,0,186,0,123,56
California,Lake,2018,357,347,7,1,1,1,0,208,43,33,0,0,344,0,11,2
California,Los Angeles,2018,365,35,222,89,18,1,0,201,130,77,0,32,175,0,157,1
California,Madera,2018,365,152,178,30,5,0,0,165,100,56,0,0,210,0,120,35
California,Marin,2018,365,294,58,3,9,1,0,218,58,36,0,22,135,0,208,0
California,Mariposa,2018,365,189,136,10,21,8,1,301,108,50,0,0,265,0,100,0
California,Mendocino,2018,364,289,54,13,6,1,1,314,64,37,0,0,151,0,209,4
California,Merced,2018,365,173,151,32,9,0,0,171,101,51,0,1,196,0,167,1
California,Mono,2018,365,279,57,14,11,2,2,994,84,23,0,0,0,0,218,147
California,Monterey,2018,365,319,39,5,2,0,0,155,52,38,0,1,212,0,93,59
California,Napa,2018,364,273,79,4,8,0,0,183,61,39,1,1,165,0,196,1
California,Nevada,2018,363,245,90,19,9,0,0,196,87,44,0,0,327,0,36,0
California,Orange,2018,365,196,151,15,3,0,0,157,85,50,0,25,190,0,147,3
California,Placer,2018,365,253,87,16,8,1,0,223,84,41,0,17,220,0,124,4
California,Plumas,2018,350,219,121,8,2,0,0,159,84,35,0,0,0,0,350,0
California,Riverside,2018,365,50,175,102,32,6,0,296,153,87,0,1,229,0,92,43
California,Sacramento,2018,365,161,169,22,8,4,1,314,100,54,0,1,202,0,157,5
California,San Benito,2018,365,294,60,11,0,0,0,143,61,41,0,0,321,0,43,1
California,San Bernardino,2018,365,43,168,96,51,7,0,221,164,88,0,20,215,0,126,4
California,San Diego,2018,365,73,257,35,0,0,0,143,100,64,0,1,202,0,162,0
California,San Francisco,2018,365,278,73,2,11,1,0,228,61,37,1,34,126,0,203,1
California,San Joaquin,2018,365,152,180,20,10,2,1,308,99,54,0,1,154,0,204,6
California,San Luis Obispo,2018,365,202,154,9,0,0,0,133,74,49,0,0,234,0,92,39
California,San Mateo,2018,365,295,57,3,10,0,0,185,56,36,0,22,138,0,205,0
California,Santa Barbara,2018,365,244,119,2,0,0,0,114,64,47,0,0,266,0,86,13
California,Santa Clara,2018,365,233,115,6,11,0,0,194,71,44,0,7,166,0,192,0
California,Santa Cruz,2018,365,331,24,5,5,0,0,170,50,36,0,0,221,0,144,0
California,Shasta,2018,365,277,67,15,6,0,0,190,82,43,0,0,343,0,21,1
California,Siskiyou,2018,365,269,56,16,24,0,0,196,119,41,0,0,241,0,124,0
California,Solano,2018,365,263,87,3,11,1,0,247,64,42,0,3,184,0,178,0
California,Sonoma,2018,365,325,27,3,8,2,0,226,52,36,0,2,280,0,82,1
California,Stanislaus,2018,365,157,161,32,14,1,0,240,108,54,0,2,203,0,151,9
California,Sutter,2018,365,153,177,22,7,5,1,335,100,54,0,0,166,0,198,1
California,Tehama,2018,365,226,110,16,13,0,0,190,95,45,0,0,239,0,126,0
California,Trinity,2018,291,173,99,12,7,0,0,191,79,44,0,0,0,0,291,0
California,Tulare,2018,365,73,171,95,26,0,0,174,140,77,0,0,233,0,124,8
California,Tuolumne,2018,348,254,73,20,1,0,0,154,80,43,0,0,348,0,0,0
California,Ventura,2018,365,174,174,16,1,0,0,166,87,52,0,2,213,0,138,12
California,Yolo,2018,365,260,91,5,7,2,0,235,67,43,0,0,249,0,114,2
California,Alameda,2019,365,260,97,8,0,0,0,150,63,41,0,28,175,0,162,0
California,Amador,2019,355,308,45,2,0,0,0,115,51,39,0,0,355,0,0,0
California,Butte,2019,365,224,136,3,2,0,0,173,67,46,0,0,231,0,133,1
California,Calaveras,2019,360,299,60,1,0,0,0,108,58,42,0,0,322,0,35,3
California,Colusa,2019,365,294,71,0,0,0,0,83,59,39,0,0,228,0,83,54
California,Contra Costa,2019,365,292,69,4,0,0,0,129,61,40,0,4,244,0,116,1
California,Del Norte,2019,248,236,12,0,0,0,0,71,43,20,0,0,0,0,248,0
California,El Dorado,2019,365,273,86,6,0,0,0,122,74,43,0,0,355,0,1,9
California,Fresno,2019,365,139,160,64,2,0,0,187,115,60,0,3,259,0,80,23
California,Glenn,2019,362,302,60,0,0,0,0,86,55,40,0,0,277,0,68,17
California,Humboldt,2019,363,353,10,0,0,0,0,65,40,27,2,1,272,0,50,38
California,Imperial,2019,365,125,219,19,2,0,0,185,93,58,0,1,210,0,79,75
California,Inyo,2019,365,232,121,6,2,1,3,638,84,47,0,0,319,0,14,32
California,Kern,2019,365,119,151,87,6,1,1,548,122,67,0,2,260,0,73,30
California,Kings,2019,365,152,172,37,2,0,2,507,105,56,0,0,190,0,103,72
California,Lake,2019,360,360,0,0,0,0,0,50,41,31,0,0,356,0,3,1
California,Los Angeles,2019,365,66,213,57,28,1,0,201,136,71,0,36,197,0,124,8
California,Madera,2019,365,189,163,13,0,0,0,140,84,50,0,0,259,0,67,39
California,Marin,2019,363,337,25,1,0,0,0,133,48,33,0,15,221,0,127,0
California,Mariposa,2019,365,221,130,9,5,0,0,176,84,47,0,0,296,0,68,1
California,Mendocino,2019,361,334,27,0,0,0,0,77,47,33,0,0,229,0,120,12
California,Merced,2019,365,213,145,7,0,0,0,119,79,48,0,0,250,0,113,2
California,Mono,2019,365,270,80,6,0,0,9,3852,81,27,0,0,0,0,305,60
California,Monterey,2019,365,330,34,1,0,0,0,144,50,37,2,0,288,0,61,14
California,Napa,2019,363,330,31,2,0,0,0,119,49,35,2,0,265,0,96,0
California,Nevada,2019,361,273,83,5,0,0,0,122,71,44,0,0,326,0,35,0
California,Orange,2019,365,213,136,15,1,0,0,172,87,48,0,13,259,0,86,7
California,Placer,2019,365,239,117,9,0,0,0,136,77,45,0,2,284,0,77,2
California,Plumas,2019,341,248,88,5,0,0,0,138,68,25,0,0,0,0,341,0
California,Riverside,2019,365,75,170,91,29,0,0,185,147,77,0,0,247,0,70,48
California,Sacramento,2019,365,213,142,10,0,0,0,140,84,46,0,1,240,0,116,8
California,San Benito,2019,365,326,39,0,0,0,0,90,51,38,0,0,347,0,11,7
California,San Bernardino,2019,365,55,177,71,54,8,0,213,169,80,0,16,246,0,96,7
California,San Diego,2019,365,87,253,23,2,0,0,169,93,64,0,2,176,0,184,3
California,San Francisco,2019,365,313,51,1,0,0,0,108,52,36,0,28,172,0,165,0
California,San Joaquin,2019,365,231,122,11,1,0,0,190,80,44,0,3,236,0,109,17
California,San Luis Obispo,2019,365,230,132,3,0,0,0,108,74,46,0,0,282,0,45,38
California,San Mateo,2019,365,327,36,2,0,0,0,122,51,35,0,21,209,0,135,0
California,Santa Barbara,2019,365,286,78,1,0,0,0,105,59,43,0,0,295,0,57,13
California,Santa Clara,2019,365,271,90,4,0,0,0,136,66,41,0,7,218,0,139,1
California,Santa Cruz,2019,365,347,18,0,0,0,0,70,46,35,0,0,262,0,103,0
California,Shasta,2019,364,311,53,0,0,0,0,100,54,42,0,0,352,0,10,2
California,Siskiyou,2019,365,332,29,2,2,0,0,161,49,36,0,0,262,0,103,0
California,Solano,2019,365,290,74,1,0,0,0,119,59,40,0,2,225,0,138,0
California,Sonoma,2019,365,348,17,0,0,0,0,87,44,33,0,3,258,0,94,10
California,Stanislaus,2019,365,201,141,22,1,0,0,177,91,49,0,0,245,0,107,13
California,Sutter,2019,365,239,124,2,0,0,0,110,71,44,0,0,249,0,109,7
California,Tehama,2019,365,282,83,0,0,0,0,93,64,41,0,0,323,0,41,1
California,Trinity,2019,269,246,21,2,0,0,0,113,49,18,0,0,0,0,269,0
California,Tulare,2019,365,127,157,78,2,1,0,280,122,66,0,2,242,0,99,22
California,Tuolumne,2019,358,273,83,2,0,0,0,108,67,43,0,0,358,0,0,0
California,Ventura,2019,365,214,142,9,0,0,0,126,77,46,0,5,284,0,65,11
California,Yolo,2019,365,284,80,1,0,0,0,136,61,41,0,1,279,0,82,3
California,Alameda,2020,366,236,110,8,11,1,0,218,79,43,0,13,155,0,198,0
California,Amador,2020,359,327,29,2,1,0,0,156,50,37,0,0,359,0,0,0
California,Butte,2020,366,183,144,18,18,2,1,379,110,51,0,0,195,0,164,7
California,Calaveras,2020,364,260,81,10,13,0,0,192,77,44,0,0,237,0,122,5
California,Colusa,2020,366,247,87,9,23,0,0,198,86,38,0,0,190,0,144,32
California,Contra Costa,2020,366,258,89,8,11,0,0,197,74,41,0,5,188,1,172,0
California,Del Norte,2020,291,247,35,4,4,1,0,220,55,32,0,0,0,0,291,0
California,El Dorado,2020,366,258,85,17,6,0,0,190,90,43,0,0,351,0,8,7
California,Fresno,2020,366,94,173,59,34,6,0,298,153,74,0,3,168,0,180,15
California,Glenn,2020,364,251,84,7,22,0,0,197,82,43,0,0,203,0,143,18
California,Humboldt,2020,366,333,30,3,0,0,0,109,44,29,0,0,236,0,68,62
California,Imperial,2020,366,119,219,26,2,0,0,166,97,58,0,2,181,0,73,110
California,Inyo,2020,366,172,139,23,19,5,8,684,130,52,0,0,228,0,116,22
California,Kern,2020,366,78,158,98,30,2,0,267,140,81,0,0,206,0,143,17
California,Kings,2020,366,98,198,54,15,0,1,543,124,67,0,0,148,0,164,54
California,Lake,2020,351,341,6,1,3,0,0,180,43,32,0,0,336,0,13,2
California,Los Angeles,2020,366,60,169,77,44,16,0,235,165,83,0,23,208,0,130,5
California,Madera,2020,366,137,176,34,17,2,0,250,113,61,0,0,192,0,149,25
California,Marin,2020,366,311,46,4,4,1,0,206,57,33,0,18,207,0,141,0
California,Mariposa,2020,366,208,110,27,12,4,5,618,111,47,0,0,295,0,61,10
California,Mendocino,2020,366,280,63,10,10,1,2,456,76,34,0,0,179,0,182,5
California,Merced,2020,366,171,163,17,15,0,0,183,95,53,0,0,192,0,173,1
California,Mono,2020,366,211,89,13,17,10,26,1928,199,40,0,0,0,0,304,62
California,Monterey,2020,366,299,52,4,9,2,0,250,63,36,0,0,223,0,106,37
California,Napa,2020,365,298,52,7,8,0,0,199,62,36,3,0,227,0,135,0
California,Nevada,2020,366,268,66,15,13,4,0,252,90,41,0,0,237,0,129,0
California,Orange,2020,366,180,145,28,11,2,0,218,108,51,0,11,223,0,129,3
California,Placer,2020,366,167,158,20,18,3,0,222,108,54,0,0,229,0,129,8
California,Plumas,2020,360,183,127,16,20,10,4,469,146,49,0,0,0,0,360,0
California,Riverside,2020,366,53,168,98,36,9,2,576,159,87,0,0,224,0,103,39
California,Sacramento,2020,366,176,154,17,19,0,0,200,100,52,0,2,193,0,162,9
California,San Benito,2020,366,301,48,8,9,0,0,168,67,39,0,0,302,0,54,10
California,San Bernardino,2020,366,50,153,76,69,18,0,236,185,93,0,17,228,0,106,15
California,San Diego,2020,366,60,257,35,14,0,0,192,108,71,0,2,118,0,243,3
California,San Francisco,2020,366,277,81,3,5,0,0,198,62,36,0,15,159,0,192,0
California,San Joaquin,2020,366,192,140,19,15,0,0,195,97,49,0,0,175,0,171,20
California,San Luis Obispo,2020,366,211,124,21,8,2,0,292,90,48,0,0,250,0,96,20
California,San Mateo,2020,366,307,49,5,5,0,0,186,60,35,0,21,196,0,149,0
California,Santa Barbara,2020,366,273,80,9,4,0,0,168,66,42,0,0,247,0,113,6
California,Santa Clara,2020,366,237,109,11,9,0,0,186,79,44,0,8,171,0,187,0
California,Santa Cruz,2020,366,304,42,6,10,2,2,426,64,34,0,0,207,0,159,0
California,Shasta,2020,366,295,63,6,2,0,0,166,64,41,0,0,336,0,30,0
California,Siskiyou,2020,366,305,38,10,10,2,1,359,61,36,0,0,246,0,120,0
California,Solano,2020,366,257,93,9,6,1,0,204,76,41,0,0,191,0,174,1
California,Sonoma,2020,366,319,40,1,6,0,0,187,53,33,0,1,215,0,139,11
California,Stanislaus,2020,366,156,173,21,16,0,0,189,102,55,0,1,195,0,150,20
California,Sutter,2020,366,208,127,15,14,1,1,303,89,48,0,0,183,0,179,4
California,Tehama,2020,366,249,84,12,21,0,0,196,93,43,0,0,244,0,122,0
California,Trinity,2020,342,255,59,12,16,0,0,193,79,27,0,0,0,0,342,0
California,Tulare,2020,366,79,152,103,30,2,0,209,145,79,0,0,186,0,166,14
California,Tuolumne,2020,353,277,71,5,0,0,0,143,64,41,0,0,353,0,0,0
California,Ventura,2020,366,225,115,21,5,0,0,174,90,47,0,0,299,0,58,9
California,Yolo,2020,366,255,83,14,14,0,0,192,84,42,0,1,208,0,157,0
California,Alameda,2021,274,164,102,7,1,0,0,151,67,46,1,2,136,0,135,0
California,Amador,2021,120,119,1,0,0,0,0,54,42,33,0,0,120,0,0,0
California,Butte,2021,139,103,35,0,1,0,0,160,64,42,1,0,77,0,60,1
California,Calaveras,2021,119,108,11,0,0,0,0,74,49,38,0,0,89,0,30,0
California,Colusa,2021,309,204,92,6,7,0,0,199,75,38,0,0,62,0,242,5
California,Contra Costa,2021,274,194,76,4,0,0,0,150,64,43,1,0,163,0,110,0
California,Del Norte,2021,166,152,14,0,0,0,0,69,46,27,0,0,0,0,166,0
California,El Dorado,2021,120,112,8,0,0,0,0,80,49,39,0,0,120,0,0,0
California,Fresno,2021,274,93,136,39,5,1,0,278,115,58,1,2,146,0,114,11
California,Glenn,2021,120,103,17,0,0,0,0,80,54,38,0,0,87,0,26,7
California,Humboldt,2021,182,176,6,0,0,0,0,58,40,31,13,0,128,0,30,11
California,Imperial,2021,304,172,121,10,0,0,1,326,81,48,0,1,85,0,119,99
California,Inyo,2021,273,99,148,13,9,2,2,329,97,58,0,0,165,0,86,22
California,Kern,2021,273,89,156,27,1,0,0,152,101,56,0,0,108,0,156,9
California,Kings,2021,304,110,171,20,2,0,1,666,97,56,0,0,120,0,63,121
California,Lake,2021,173,172,1,0,0,0,0,51,42,34,0,0,169,0,3,1
California,Los Angeles,2021,182,28,127,18,9,0,0,195,122,64,1,9,78,0,90,4
California,Madera,2021,242,134,96,12,0,0,0,150,87,49,0,2,201,0,36,3
California,Marin,2021,274,240,34,0,0,0,0,87,52,34,1,5,161,0,107,0
California,Mariposa,2021,267,152,99,14,2,0,0,159,90,47,0,0,264,0,3,0
California,Merced,2021,164,140,20,4,0,0,0,119,63,28,0,0,0,0,136,28
California,Mono,2021,180,148,29,0,0,0,3,2723,67,17,0,0,0,0,90,90
California,Monterey,2021,182,169,13,0,0,0,0,71,47,38,1,0,134,0,40,7
California,Napa,2021,140,127,13,0,0,0,0,77,50,38,1,0,101,0,38,0
California,Nevada,2021,273,147,75,32,15,4,0,288,131,48,0,0,189,0,84,0
California,Orange,2021,182,124,58,0,0,0,0,100,68,46,1,6,120,0,53,2
California,Placer,2021,243,105,97,24,10,5,2,448,122,55,0,0,190,0,52,1
California,Plumas,2021,273,108,93,26,25,14,7,436,177,61,0,0,0,0,273,0
California,Riverside,2021,304,61,153,63,26,0,1,332,150,79,0,0,173,0,55,76
California,Sacramento,2021,238,177,56,4,1,0,0,169,76,43,0,0,106,0,131,1
California,San Benito,2021,273,236,37,0,0,0,0,100,56,41,0,0,265,0,6,2
California,San Bernardino,2021,273,40,154,56,18,5,0,216,140,80,0,6,200,0,60,7
California,San Diego,2021,222,94,126,2,0,0,0,126,84,58,1,0,109,0,112,0
California,San Francisco,2021,274,235,39,0,0,0,0,73,54,37,1,3,166,0,104,0
California,San Joaquin,2021,273,153,109,10,1,0,0,153,80,47,0,0,9,0,196,68
California,San Luis Obispo,2021,243,131,109,3,0,0,0,115,74,50,0,0,166,0,60,17
California,San Mateo,2021,274,252,22,0,0,0,0,89,47,34,1,4,187,0,82,0
California,Santa Barbara,2021,213,182,31,0,0,0,0,74,52,41,1,0,145,0,64,3
California,Santa Clara,2021,274,170,98,5,0,1,0,218,66,45,1,0,137,0,136,0
California,Santa Cruz,2021,181,169,12,0,0,0,0,73,46,35,0,0,138,0,43,0
California,Shasta,2021,268,169,87,9,3,0,0,177,84,46,0,0,253,0,13,2
California,Solano,2021,274,207,64,3,0,0,0,126,61,41,1,1,187,0,84,1
California,Sonoma,2021,274,242,32,0,0,0,0,88,52,33,2,0,173,0,95,4
California,Stanislaus,2021,248,106,109,31,2,0,0,172,105,55,0,0,161,0,81,6
California,Sutter,2021,120,92,28,0,0,0,0,78,63,40,0,0,70,0,50,0
California,Tehama,2021,196,157,38,1,0,0,0,112,67,43,0,0,159,0,22,15
California,Trinity,2021,168,146,22,0,0,0,0,93,57,23,0,0,0,0,168,0
California,Tulare,2021,256,58,108,72,18,0,0,187,140,77,0,0,191,0,64,1
California,Tuolumne,2021,116,114,2,0,0,0,0,64,46,37,0,0,116,0,0,0
California,Ventura,2021,273,149,115,9,0,0,0,122,80,48,0,0,220,0,46,7
California,Yolo,2021,270,218,50,2,0,0,0,140,62,40,0,0,233,0,35,2
